Frequency,Station Call Letters,Station City,Station State/Province,Station Country,Concatenated Station Location,Station Lat,Station Long
530,CHLO,Brampton,ON,Canada,"Brampton, ON, Canada",43.685832,-79.759937
530,Radio Rebelde (530),Guantánamo,DX,Cuba,"Guantánamo, Cuba",19.918556,-75.159326
530,Radio Rebelde (530),Santa Fe/Caribe,DX,Cuba,"Santa Fe/Caribe, Cuba",23.128588,-82.269888
530,Radio Enciclopedia (530),Villa María,DX,Cuba,"Villa María, Cuba",23.10248,-82.287114
531,Radio Algeria Internactionale,F'Kirina,DX,Algeria,"F'Kirina, Algeria",35.660882,7.297224
531,DZBR,Tanauan,DX,Philippines,"Tanauan, Philippines",14.085236,121.152793
531,RNE Radio Nacional,Pontevedra,DX,Spain,"Pontevedra, Spain",42.428065,-8.604145
540,CBT,Grand Falls,NL,Canada,"Grand Falls, NL, Canada",48.929718,-55.655365
540,CBK,Watrous,SK,Canada,"Watrous, SK, Canada",51.675148,-105.465539
540,HJKA,Bogotá,DX,Colombia,"Bogota, Colombia",4.653382,-74.083633
540,Radio Rebelde (540),Maisi,DX,Cuba,"Maisi, Cuba",20.192364,-74.264526
540,Radio Rebelde (540),Sancti Spiritus,DX,Cuba,"Sancti Spiritus, Cuba",21.726128,-79.613293
540,Radio ABC,Santo Domingo,DX,Dominican Republic,"Santo Domingo, Dominican Republic",18.471386,-69.891844
540,YSHV,San Salvador,DX,El Salvador,"San Salvador, El Salvador",13.697629,-89.191156
540,Radio Kuwait,Kabd-Sulaibi,DX,Kuwait,"Kabd-Sulaibi, Kuwait",29.273396,47.497948
540,XEHS,Los Mochis,Sinaloa,Mexico,"Los Mochis, Sinaloa, Mexico",25.792806,-108.990188
540,XETX,Nuevo Casas Grandes,Chihuahua,Mexico,"Nuevo Casas Grandes, Chihuahua, Mexico",30.506296,-107.665426
540,XEWA,San Luis Potosí,San Luis Potosí,Mexico,"San Luis Potosí, San Luis Potosí, Mexico",22.151647,-100.976399
540,XESURF,Tijuana,Baja California,Mexico,"Tijuana, Baja California, Mexico",32.53174,-117.019529
540,XEWF,Tlalmanalco,Estado de México,Mexico,"Tlalmanalco, Estado de México, Mexico",19.206608,-98.732319
540,Radio Corporacion,Managua,DX,Nicaragua,"Managua, Nicaragua",12.154712,-86.273725
540,YNOW,Managua,DX,Nicaragua,"Managua, Nicaragua",12.154712,-86.273725
540,ONDA CERO BARCELONA,BARCELONA,DX,Spain,"BARCELONA, Spain",41.38258,2.177073
540,ONDA CERO BARCELONA,BARCELONA,DX,Spain,"BARCELONA, Spain",41.38258,2.177073
540,ONDA CERO BARCELONA,BARCELONA,DX,Spain,"BARCELONA, Spain",41.38258,2.177073
549,JIL FM,Sidi Hamadouche,DX,Algeria,"Sidi Hamadouche, Algeria",35.310682,-0.51844
549,JIL,Sidi Hamadouche,DX,Algeria,"Sidi Hamadouche, Algeria",35.310682,-0.51844
550,HJHF,Medellín,DX,Colombia,"Medellin, Colombia",6.269732,-75.60256
550,TISCL,Ciudad Quesada,DX,Costa Rica,"Ciudad Quesada, Costa Rica",10.32567,-84.430029
550,Radio Rebelde (550),Pinar Del Rio,DX,Cuba,"Pinar Del Rio, Cuba",22.312447,-83.938483
550,ABC Radio,Tegucigalpa,DX,Honduras,"Tegucigalpa, Honduras",14.105814,-87.204705
550,HRXT,Tegucigalpa,DX,Honduras,"Tegucigalpa, Honduras",14.105814,-87.204705
550,XEPL,Ciudad Cuauhtemoc,Chihuahua,Mexico,"Ciudad Cuauhtemoc, Chihuahua, Mexico",28.400958,-106.86653
550,XEGNAY,Tepic,Nayarit,Mexico,"Tepic, Nayarit, Mexico",21.511916,-104.891589
550,WPAB,Ponce,PR,Puerto Rico,"Ponce, PR, Puerto Rico",18.066822,-66.614041
550,YVKE,Caracas,DX,Venezuela,"Caracas, Venezuela",10.506093,-66.914601
558,Bangladesh Betar,Khulna-Noapara,DX,Bangladesh,"Khulna-Noapara, Bangladesh",23.050583,89.382463
560,CFOS,Owen Sound,ON,Canada,"Owen Sound, ON, Canada",44.567811,-80.943009
560,HJGS,Tunja,DX,Colombia,"Tunja, Colombia",5.532431,-73.361601
560,Radio Rebelde (560),Ciego de Ávila,DX,Cuba,"Ciego de Ávila, Cuba",21.747669,-78.731492
560,XEOC,Mexico City,Ciudad Mexico,Mexico,"Mexico City, Ciudad Mexico, Mexico",19.43263,-99.133178
560,XESRD,Santiago Papasquiano,Durango,Mexico,"Santiago Papasquiano, Durango, Mexico",23.658512,-102.00771
567,RTHK Radio 3,Hong Kong,DX,Hong Kong,"Hong Kong, Hong Kong",22.279297,114.162891
567,Lao National Radio,Vientiane,DX,Lao PDR,"Vientiane, Lao PDR",17.958218,102.616524
567,Radio Pakistan,Khuzdar,DX,Pakistan,"Khuzdar, Pakistan",27.800013,66.616654
570,CFCB,Corner Brook,NL,Canada,"Corner Brook, NL, Canada",48.95317,-57.947388
570,CKGL,Kitchener,ON,Canada,"Kitchener, ON, Canada",43.451291,-80.492782
570,CKSW,Swift Current,SK,Canada,"Swift Current, SK, Canada",50.284914,-107.79845
570,HJND,Bogotá,DX,Colombia,"Bogotá, Colombia",4.653382,-74.083633
570,Radio Rebelde (570),Pilon,DX,Cuba,"Pilon, Cuba",19.90587,-77.326925
570,Radio Reloj (570),Santa Clara,DX,Cuba,"Santa Clara, Cuba",22.40694,-79.96472
570,XELQ,Morelia,Michoacán,Mexico,"Morelia, Michoacán, Mexico",19.6546,-101.26238
570,XEOA,Oaxaca,Oaxaca,Mexico,"Oaxaca, Oaxaca, Mexico",17.060466,-96.725358
570,XEBJB,San Nicolás de los Garza,Nuevo Leon,Mexico,"San Nicolás de los Garza, Nuevo Leon, Mexico",25.755802,-100.289648
576,Myanma Radio,Yangon,DX,Myanmar,"Yangon, Myanmar",16.796713,96.160992
580,CHAH,Edmonton,AB,Canada,"Edmonton, AB, Canada",53.546205,-113.491241
580,CFRA,Ottawa,ON,Canada,"Ottawa, ON, Canada",45.420878,-75.690111
580,CKWW,Windsor,ON,Canada,"Windsor, Canada",42.317432,-83.026772
580,Union Radio,Guayaquil,DX,Ecuador,"Guayaquil, Ecuador",-2.190057,-79.886867
580,XEAV,Guadalajara,Jalisco,Mexico,"Guadalajara, Mexico",20.659698,-103.349609
580,XELRDA,Piedras Negras,Coahuila,Mexico,"Piedras Negras, Coahuila, Mexico",28.691341,-100.540341
580,Radio 580,Managua,DX,Nicaragua,"Managua, Nicaragua",12.154712,-86.273725
580,YNEA,Managua,DX,Nicaragua,"Managua, Nicaragua",12.154712,-86.273725
580,WKAQ,San Juan,DX,Puerto Rico,"San Juan, Puerto Rico",18.384239,-66.05344
585,Radio Pakistan,Laurencepur-Faqirabad Road,DX,Pakistan,"Laurencepur-Faqirabad Road, Pakistan",30.33084,71.247499
590,VOCM,St. Johns,NL,Canada,"St. Johns, NL, Canada",56.692284,-60.937319
590,CJCL,Toronto,ON,Canada,"Toronto, Canada",43.6532,-79.3832
590,Radio Rebelde (590),Guantánamo,DX,Cuba,"Guantánamo, Cuba",19.918556,-75.159326
590,Radio Musica Nacional (590),La Julia,DX,Cuba,"La Julia, Cuba",22.807753,-82.263363
590,HIDV,La Vega,DX,Dominican Republic,"La Vega, Dominican Republic",19.03115,-70.727425
590,XEE,Durango,Durango,Mexico,"Durango, Durango, Mexico",24.022008,-104.654741
590,XEPH,Mexico City,Ciudad Mexico,Mexico,"Mexico City, Ciudad Mexico, Mexico",19.43263,-99.133178
590,XEFD,Reynosa,Tamaulipas,Mexico,"Reynosa, Tamaulipas, Mexico",26.092837,-98.27795
594,JOAK,Tokyo,DX,Japan,"Tokyo, Japan",35.67686,139.763895
594,Myanma R-Paduk Myay R,Naypyidaw,DX,Myanmar,"Naypyidaw, Myanmar",19.775329,96.103255
600,CFQR,Montreal,QC,Canada,"Montreal, Canada",45.50888,-73.561668
600,CKAT,North Bay,ON,Canada,"North Bay, ON, Canada",46.309212,-79.460762
600,CJWW,Saskatoon,SK,Canada,"Saskatoon, SK, Canada",52.131802,-106.660767
600,CKSP,Vancouver,BC,Canada,"Vancouver, BC, Canada",49.260872,-123.113952
600,Radio Rebelde (600),San Germán,DX,Cuba,"San Germán, Cuba",20.598318,-76.134736
600,XEHW,El Rosario,Sinaloa,Mexico,"El Rosario, Sinaloa, Mexico",22.992052,-105.857275
600,XEOCH,Ocosingo,Chiapas,Mexico,"Ocosingo, Chiapas, Mexico",16.657706,-91.193079
600,La Nueva Radio Ya,Managua,DX,Nicaragua,"Managua, Nicaragua",12.154712,-86.273725
600,YNLD,Managua,DX,Nicaragua,"Managua, Nicaragua",12.154712,-86.273725
603,RNE 5,Sevilla,DX,Spain,"Sevilla, Spain",37.38863,-5.99534
610,CKTB,St. Catharines,ON,Canada,"St. Catharines, ON, Canada",43.157981,-79.2441
610,CHTM,Thompson,MB,Canada,"Thompson, MB, Canada",55.743347,-97.863464
610,Radio Rebelde (610),Bueycito-Entronque,DX,Cuba,"Bueycito-Entronque, Cuba",20.291629,-76.771363
610,Radio Rebelde (610),Guane,DX,Cuba,"Guane, Cuba",22.202023,-84.082915
610,XECCBS,Fresnillo,Zacatecas,Mexico,"Fresnillo, Mexico",23.18126,-102.87136
610,XEGS,Guasave,Sinaloa,Mexico,"Guasave, Sinaloa, Mexico",25.504638,-108.53996
610,XEBX,Sabinas,Coahuila,Mexico,"Sabinas, Coahuila, Mexico",27.942464,-101.072781
612,SBR R. Riyadh,Aflaj - Layla,DX,Saudi Arabia,"Aflaj - Layla, Saudi Arabia",22.30931,46.661982
620,CKCM,Grand Falls,NL,Canada,"Grand Falls, NL, Canada",48.929718,-55.655365
620,CKRM,Regina,SK,Canada,"Regina, SK, Canada",50.447973,-104.615876
620,Radio Rebelde (620),Colon,DX,Cuba,"Colon, Cuba",22.722327,-80.904717
620,XENK,Ecatepec de Morelos,Estado de México,Mexico,"Ecatepec de Morelos, Mexico",19.599408,-99.048728
620,XESS,Puerto Nuevo,Baja California,Mexico,"Puerto Nuevo, Baja California, Mexico",32.243012,-116.934162
620,XEGH,Rio Bravo,Tamaulipas,Mexico,"Rio Bravo, Tamaulipas, Mexico",25.727478,-98.053715
620,XEHGR,Villahermosa,Tabasco,Mexico,"Villahermosa, Tabasco, Mexico",17.988466,-92.936633
620,YNN,Managua,DX,Nicaragua,"Managua, Nicaragua",12.154712,-86.273725
621,RNE,Las Mesas,DX,Canary Islands,"Las Mesas, Canary Islands",28.102164,-15.495495
630,CFCO,Chatham,ON,Canada,"Chatham, ON, Canada",42.405722,-82.185384
630,CHED,Edmonton,AB,Canada,"Edmonton, AB, Canada",53.546205,-113.491241
630,CKAT,North Bay,ON,Canada,"North Bay, ON, Canada",46.309212,-79.460762
630,Radio Progreso (630),Canaguey,DX,Cuba,"Canaguey, Cuba",23.013134,-80.832875
630,XEFU,Cosamaloapan,Veracruz,Mexico,"Cosamaloapan, Veracruz, Mexico",18.364414,-95.796579
630,XEPBGJ,Guadalajara,Jalisco,Mexico,"Guadalajara, Mexico",20.659698,-103.349609
630,XEFB,Monterrey,Nuevo Leon,Mexico,"Monterrey, Mexico",25.686613,-100.316116
630,WUNO,San Juan,DX,Puerto Rico,"San Juan, Puerto Rico",18.384239,-66.05344
640,CFIQ,Richmond Hill,ON,Canada,"Richmond Hill, ON, Canada",43.880117,-79.439292
640,CBN,St John,NL,Canada,"St John, Canada",47.56,-52.75
640,Radio Progreso (640),Guanabacoa,DX,Cuba,"Guanabacoa, Cuba",23.125517,-82.304871
640,XEJUA,Ciudad Juarez,Chihuahua,Mexico,"Ciudad Juarez, Mexico",31.69,-106.42
640,XELOVE,Ciudad Juarez,Chihuahua,Mexico,"Ciudad Juarez, Mexico",31.69,-106.42
640,XETAM,Ciudad Victoria,Tamaulipas,Mexico,"Ciudad Victoria, Tamaulipas, Mexico",23.738985,-99.144135
640,XECCCN,Lomas de Calera,Zacatecas,Mexico,"Lomas de Calera, Zacatecas, Mexico",23.658512,-102.00771
640,XENQ,Tulancingo,Hidalgo,Mexico,"Tulancingo, Hidalgo, Mexico",20.083959,-98.363538
648,BCC News Network,New Taipei City,DX,Taiwan,"New Taipei City, Taiwan",25.083455,121.475534
648,Voice of Vietnam,An Nohn,DX,Vietnam,"An Nohn, Vietnam",15.926666,107.965086
650,CISL,Richmond,BC,Canada,"Richmond, BC, Canada",49.163168,-123.137414
650,CKOM,Saskatoon,SK,Canada,"Saskatoon, SK, Canada",52.131802,-106.660767
650,HJKH,Bogotá,DX,Colombia,"Bogota, Colombia",4.653382,-74.083633
650,Radio Progreso (650),Ciego de Avila,DX,Cuba,"Ciego de Avila, Cuba",21.747669,-78.731492
650,HIAT,Santo Domingo,DX,Dominican Republic,"Santo Domingo, Dominican Republic",18.471386,-69.891844
650,Radio Catolica de Olancho,Juticalpa,DX,Honduras,"Juticalpa, Honduras",14.667203,-86.219583
650,XEVG,Merida,Yucatan,Mexico,"Merida, Yucatan, Mexico",20.967076,-89.62374
657,Akashvani Geetanjali,Kolkata,DX,India,"Kolkata, India",22.572646,88.363895
660,CFFR,Calgary,AB,Canada,"Calgary, AB, Canada",51.045606,-114.057541
660,Radio Progreso (660),Jovellanos,DX,Cuba,"Jovellanos, Cuba",22.80516,-81.196847
660,Radio Vision Christiana,Santiago,DX,Dominican Republic,"Santiago, Dominican Republic",19.336389,-70.952128
660,XEEY,Aguascalientes,Aguascalientes,Mexico,"Aguascalientes, Aguascalientes, Mexico",21.880487,-102.296719
660,XECPR,Felipe Carillo Puerto,Quintana Roo,Mexico,"Felipe Carillo Puerto, Quintana Roo, Mexico",19.585014,-88.048311
660,XEDTL,Mexico City,Ciudad Mexico,Mexico,"Mexico City, Ciudad Mexico, Mexico",19.43263,-99.133178
660,XEFZ,San Nicolás de los Garza,Nuevo Leon,Mexico,"San Nicolás de los Garza, Nuevo Leon, Mexico",25.755802,-100.289648
666,DZRH News,Valenzuela - Malanday,DX,Philippines,"Valenzuela - Malanday, Philippines",14.715231,120.961327
670,Radio Rebelde (670),Arroyo Arenas,DX,Cuba,"Arroyo Arenas, Cuba",23.03829,-82.475343
670,HIBS,San Pedro de Macoris,DX,Dominican Republic,"San Pedro de Macoris, Dominican Republic",18.607895,-69.488549
680,CFTR,Toronto,ON,Canada,"Toronto, Canada",43.6532,-79.3832
680,CJOB,Winnipeg,MB,Canada,"Winnipeg, MB, Canada",49.895537,-97.138458
680,HJZO,Barranquilla,DX,Colombia,"Barranquilla, Colombia",11.010192,-74.823179
680,Radio Progreso (680),Havana,DX,Cuba,"Havana, Cuba",23.135305,-82.358963
680,WAPA,San Juan,DX,Puerto Rico,"San Juan, Puerto Rico",18.384239,-66.05344
684,RNE Radio Nacional,Sevilla,DX,Spain,"Sevilla, Spain",37.38863,-5.99534
690,CBKF-1,Gravelbourg,SK,Canada,"Gravelbourg, SK, Canada",49.875103,-106.555757
690,CFGM,Montreal,QC,Canada,"Montreal, Canada",45.50888,-73.561668
690,CINF,Montreal,QC,Canada,"Montreal, Canada",45.50888,-73.561668
690,CKGM,Montréal,QC,Canada,"Montréal, QC, Canada",45.503182,-73.569806
690,CBU,Vancouver,BC,Canada,"Vancouver, BC, Canada",49.260872,-123.113952
690,HCJX,Bogotá,DX,Colombia,"Bogota, Colombia",4.653382,-74.083633
690,Radio Progreso (690),Santa Clara,DX,Cuba,"Santa Clara, Cuba",22.40694,-79.96472
690,XEMA,Fresmillo,Zacatecas,Mexico,"Fresmillo, Zacatecas, Mexico",23.658512,-102.00771
690,XEN,Mexico City,Ciudad Mexico,Mexico,"Mexico City, Ciudad Mexico, Mexico",19.43263,-99.133178
690,XERG,Monterrey,Nuevo Leon,Mexico,"Monterrey, Mexico",25.686613,-100.316116
690,XEWW,Tijuana,Baja California,Mexico,"Tijuana, Baja California, Mexico",32.53174,-117.019529
693,Bangladesh Betar,Dhaka,DX,Bangladesh,"Dhaka, Bangladesh",23.764386,90.389014
693,BBC 5,Droitwich,DX,England,"Droitwich, England",52.26851,-2.148607
700,CJLI,Calgary,AB,Canada,"Calgary, AB, Canada",51.045606,-114.057541
700,HJCX,Cali,DX,Colombia,"Cali, Colombia",3.410843,-76.581213
700,Radio Gosen,Santa Cruz de Moa,DX,Dominican Republic,"Santa Cruz de Moa, Dominican Republic",19.097403,-70.302803
700,Radio Sucre,Guayaquil,DX,Ecuador,"Guayaquil, Ecuador",-2.190057,-79.886867
700,XEETCH,Etchojoa,Sonora,Mexico,"Etchojoa, Sonora, Mexico",27.045938,-109.678
700,XEDKR,Guadalajara,Jalisco,Mexico,"Guadalajara, Mexico",20.659698,-103.349609
700,XEGD,Hidalgo del Parrel,Chihuahua,Mexico,"Hidalgo del Parrel, Chihuahua, Mexico",23.658512,-102.00771
700,XELX,Zitacuaro,Michoacán,Mexico,"Zitacuaro, Michoacán, Mexico",19.434401,-100.355314
702,JOKD,Kitami,DX,Japan,"Kitami, Japan",43.802939,143.894635
702,"Lao National Radio, Luang Prabang Radio (705 kHz)",Luang Prabang,DX,Lao PDR,"Luang Prabang, Lao PDR",19.890111,102.134444
702,Voice of Vietnam 2,Da Nang,DX,Vietnam,"Da Nang, Vietnam",16.068,108.212
710,CKVO,Clarenville,NL,Canada,"Clarenville, NL, Canada",48.16799,-53.964641
710,Radio Rebelde (710),La Julia,DX,Cuba,"La Julia, Cuba",22.807753,-82.263363
710,Radio Guama (710),La Palma,DX,Cuba,"La Palma, Cuba",22.748147,-83.554581
710,Radio Rebelde (710),Marti,DX,Cuba,"MArti, Cuba",22.945113,-80.916821
710,XEMP,Mexico City,Ciudad Mexico,Mexico,"Mexico City, Ciudad Mexico, Mexico",19.43263,-99.133178
711,Voice of Vietnam 1,Can Tho,DX,Vietnam,"Can Tho, Vietnam",10.036205,105.787266
720,Radio Guama (720),La Palma,DX,Cuba,"La Palma, Cuba",22.748147,-83.554581
720,IRIB World Service,Taybad,DX,Iran,"Taybad, Iran",34.740176,60.775513
720,XEJCC,Ciudad Juarez,Chihuahua,Mexico,"Ciudad Juarez, Mexico",31.69,-106.42
720,XEJAGC,Juan Aldama,Zacatecas,Mexico,"Juan Aldama, Zacatecas, Mexico",24.255657,-103.306924
720,XEDE,Saltillo,Coahuila,Mexico,"Saltillo, Coahuila, Mexico",25.423043,-100.992751
720,YNRC,Managua,DX,Nicaragua,"Managua, Nicaragua",12.154712,-86.273725
729,Radio Thailand,Nakon Ratchasima,DX,Thailand,"Nakon Ratchasima, Thailand",14.959217,102.04925
730,CKDM,Dauphin,MB,Canada,"Dauphin, MB, Canada",51.153509,-100.04425
730,CKAC,Montreal,QC,Canada,"Montreal, Canada",45.50888,-73.561668
730,CHMJ,Vancouver,BC,Canada,"Vancouver, BC, Canada",49.260872,-123.113952
730,HJCU,Bogotá,DX,Colombia,"Bogotá, Colombia",4.653382,-74.083633
730,Radio Progreso (730),La Fe,DX,Cuba,"La Fe, Cuba",21.7437,-82.755675
730,XESOS,Agua Prieta,Sonora,Mexico,"Agua Prieta, Sonora, Mexico",31.326749,-109.546346
730,XEHB,Hidalgo del Parral,Chihuahua,Mexico,"Hidalgo del Parral, Chihuahua, Mexico",27.115385,-105.764288
730,XEQ,Mexico CIty,Ciudad Mexico,Mexico,"Mexico CIty, Ciudad Mexico, Mexico",19.43263,-99.133178
730,XEX,Mexico City,Ciudad Mexico,Mexico,"Mexico City, Ciudad Mexico, Mexico",19.43263,-99.133178
738,BEL2,"Taiwan Chü Yuyeh Kuangpo Tientai, Baisha",DX,Taiwan,"Taiwan Chü Yuyeh Kuangpo Tientai, Baisha, Taiwan",23.973937,120.982018
740,CBX,Edmonton,AB,Canada,"Edmonton, AB, Canada",53.546205,-113.491241
740,CFZM,Toronto,ON,Canada,"Toronto, Canada",43.6532,-79.3832
740,XECAQ,Puerto Morelos,Quintana Roo,Mexico,"Puerto Morelos, Quintana Roo, Mexico",20.931763,-87.201181
740,XEQN,Torreon,Coahuila,Mexico,"Torreon, Coahuila, Mexico",25.542698,-103.410512
740,XEKV,Villahermosa,Tabasco,Mexico,"Villahermosa, Tabasco, Mexico",17.988466,-92.936633
747,JOIB,Sapporo,DX,Japan,"Sapporo, Japan",43.061936,141.354292
750,CBGY,Bonavista,NL,Canada,"Bonavista, NL, Canada",48.654176,-53.110338
750,CKJH,Melfort,SK,Canada,"Melfort, SK, Canada",52.861371,-104.613554
750,HJDK,Medellín,DX,Colombia,"Medellin, Colombia",6.269732,-75.60256
750,Radio Progreso (750),Palmira,DX,Cuba,"Palmira, Cuba",22.241457,-80.393102
750,HIDB,Santiago,DX,Dominican Republic,"Santiago, Dominican Republic",19.336389,-70.952128
750,Radio Jesus es el Senor,Santiago,DX,Dominican Republic,"Santiago, Dominican Republic",19.336389,-70.952128
750,XEJMN,Jesus Maria,Aguascalientes,Mexico,"Jesus Maria, Aguascalientes, Mexico",21.934555,-102.468452
760,HJAJ,Barranquilla,DX,Colombia,"Barranquilla, Colombia",11.010192,-74.823179
760,Radio Progreso (760),Guane,DX,Cuba,"Guane, Cuba",22.202023,-84.082915
760,XEEB,Ciudad Obregon,Sonora,Mexico,"Ciudad Obregon, Sonora, Mexico",27.484662,-109.933778
760,XEZZ,Guadalajara,Jalisco,Mexico,"Guadalajara, Mexico",20.659698,-103.349609
760,XENY,Nogales,Sonora,Mexico,"Nogales, Sonora, Mexico",31.328506,-110.945047
760,XERA,San Cristobal de las Casas,Chiapas,Mexico,"San Cristobal de las Casas, Chiapas, Mexico",16.735377,-92.63873
760,XEABC,San Sebastián Chimalpa,Ciudad Mexico,Mexico,"San Sebastián Chimalpa, Ciudad Mexico, Mexico",23.658512,-102.00771
760,WORA,Mayagüez,PR,Puerto Rico,"Mayagüez, PR, Puerto Rico",18.211635,-67.095357
770,CHQR,Calgary,AB,Canada,"Calgary, AB, Canada",51.045606,-114.057541
770,HJJX,Bogotá,DX,Colombia,"Bogotá, Colombia",4.653382,-74.083633
770,Radio Artemisa (770),La Salud,DX,Cuba,"La Salud, Cuba",22.873244,-82.421861
770,Radio Rebelde (770),Las Tunas,DX,Cuba,"Las Tunas, Cuba",21.088704,-76.812165
770,YSKL,San Salvador,DX,El Salvador,"San Salvador, El Salvador",13.697629,-89.191156
770,XEML,Apatzingan,Michoacán,Mexico,"Apatzingan, Michoacán, Mexico",18.968171,-102.469397
770,XEFRTM,Fresnillo,Zacatecas,Mexico,"Fresnillo, Mexico",23.18126,-102.87136
770,XEREV,Los Mochis,Sinaloa,Mexico,"Los Mochis, Sinaloa, Mexico",25.792806,-108.990188
770,XEACH,Monterrey,Nuevo Leon,Mexico,"Monterrey, Mexico",25.686613,-100.316116
770,XEANT,Tancanhuitz de los Santos,San Luis Potosí,Mexico,"Tancanhuitz de los Santos, San Luis Potosí, Mexico",21.571336,-98.897781
774,3LO - ABC Melbourne,Melbourne,DX,Australia,"Melbourne, Australia",-37.814245,144.963173
774,JOUB,Akita,DX,Japan,"Akita, Japan",39.68988,140.342608
774,Radio Nacional,Valencia,DX,Spain,"Valencia, Spain",39.469707,-0.376335
780,ZBVI,Tortola,DX,British Virgin Islands,"Tortola, British Virgin Islands",18.421057,-64.638833
780,HJFV,Pasto,DX,Colombia,"Pasto, Colombia",1.214028,-77.27851
780,XEXY,Ciudad Altamirano,Guerrero,Mexico,"Ciudad Altamirano, Guerrero, Mexico",18.358454,-100.668187
780,XEGLO,Guelatao de Juarez,Oaxaca,Mexico,"Guelatao de Juarez, Oaxaca, Mexico",17.314064,-96.499173
780,XETMEP,Tampico,Tamaulipas,Mexico,"Tampico, Tamaulipas, Mexico",22.27011,-97.894867
790,Radio Reloj (790),Pinar del Rio,DX,Cuba,"Pinar del Rio, Cuba",22.312447,-83.938483
790,XENT,La Paz,Baja California Sur,Mexico,"La Paz, Baja California Sur, Mexico",24.161995,-110.315853
790,WKRD,Louisville,VI,US Virgin Islands,"Louisville, VI, US Virgin Islands",17.789187,-64.708057
800,PJB,Kralendijk,DX,Bonaire,"Kralendijk, Bonaire",12.147287,-68.274021
800,CJBQ,Belleville,ON,Canada,"Belleville, ON, Canada",44.243633,-77.36076
800,CJAD,Montreal,QC,Canada,"Montreal, Canada",45.50888,-73.561668
800,CHAB,Moose Jaw,SK,Canada,"Moose Jaw, SK, Canada",50.396721,-105.535666
800,CKOR,Penticton,BC,Canada,"Penticton, BC, Canada",49.500327,-119.593249
800,CKLW,Windsor,ON,Canada,"Windsor, Canada",42.317432,-83.026772
800,Radio Artemisa (800),Artemisa,DX,Cuba,"Artemisa, Cuba",22.826523,-82.925932
800,XEERG,Ojo de Agua,Nuevo Leon,Mexico,"Ojo de Agua, Mexico",19.68028,-99.01
800,XESPN,Tijuana,Baja California,Mexico,"Tijuana, Baja California, Mexico",32.53174,-117.019529
810,ZNS3,Freeport,DX,Bahamas,"Freeport, Bahamas",26.535681,-78.695362
810,HJCY,Bogotá,DX,Colombia,"Bogotá, Colombia",4.653382,-74.083633
810,Radio Progreso (810),Guantanamo,DX,Cuba,"Guantanamo, Cuba",20.14318,-75.203478
810,HRLP24,Choluteca,DX,Honduras,"Choluteca, Honduras",13.37142,-87.071396
810,XERB,Cozumel,Quintana Roo,Mexico,"Cozumel, Quintana Roo, Mexico",20.43206,-86.920691
810,XEHT,Huamantla,Tlaxcala,Mexico,"Huamantla, Tlaxcala, Mexico",19.323332,-97.914567
810,XEEMM,Salamanca,Guanajuato,Mexico,"Salamanca, Guanajuato, Mexico",20.651136,-101.166767
810,Radio Thailand,Nongkhai,LA,Thailand,"Nongkhai, LA, Thailand",14.897192,100.83273
819,KCBS,Pyongyang,DX,North Korea,"Pyongyang, North Korea",39.016798,125.747361
820,CHAM,Hamilton,ON,Canada,"Hamilton, ON, Canada",43.25608,-79.872858
820,CHIM,Hamilton,ON,Canada,"Hamilton, ON, Canada",43.25608,-79.872858
820,Radio Ciudad de la Habana (820),Arroyo Arenas,DX,Cuba,"Arroyo Arenas, Cuba",23.03829,-82.475343
820,Radio Reloj (820),Ciego de Avila,DX,Cuba,"Ciego de Avila, Cuba",21.747669,-78.731492
820,XEBA,Guadalajara,Jalisco,Mexico,"Guadalajara, Mexico",20.659698,-103.349609
820,XEABCA,Mexicali,Baja California,Mexico,"Mexicali, Baja California, Mexico",32.624531,-115.452604
828,Magic 828,Klipheuwel,DX,South Africa,"Klipheuwel, South Africa",-33.717949,18.707962
830,HJDM,Medellín,DX,Colombia,"Medellin, Colombia",6.269732,-75.60256
830,HIJB,Santo Domingo,DX,Dominican Republic,"Santo Domingo, Dominican Republic",18.471386,-69.891844
830,Radio Huancavilca,Guayaquil,DX,Ecuador,"Guayaquil, Ecuador",-2.190057,-79.886867
830,XEPUR,Cheran,Michoacán,Mexico,"Cheran, Michoacán, Mexico",19.7393,-101.975827
830,XEITE,Mexico City,Ciudad Mexico,Mexico,"Mexico City, Ciudad Mexico, Mexico",19.43263,-99.133178
830,XETLX,Tlaxiaco,Oaxaca,Mexico,"Tlaxiaco, Oaxaca, Mexico",17.236427,-97.698952
830,YVLT,San Antonio de los Altos,DX,Venezuela,"San Antonio de los Altos, Venezuela",10.375135,-66.966541
840,CKBX,100 Mile House,BC,Canada,"100 Mile House, BC, Canada",51.642787,-121.295694
840,CFCW,Camrose,AB,Canada,"Camrose, AB, Canada",53.013131,-112.840576
840,HJKK,Neiva,DX,Colombia,"Neiva, Colombia",2.925704,-75.289394
840,Radio Revolucion (840),Palma Soriano,DX,Cuba,"Palma Soriano, Cuba",20.212669,-75.997394
840,Radio Dobleve (840),Santa Clara,DX,Cuba,"Santa Clara, Cuba",22.40694,-79.96472
840,4VEH,Cap Haitien,DX,Haiti,"Cap Haitien, Haiti",19.759524,-72.200807
840,HRQW,Tela,DX,Honduras,"Tela, Honduras",15.782483,-87.451403
840,XEXXX,Tamazula de Gordiano,Jalisco,Mexico,"Tamazula de Gordiano, Jalisco, Mexico",19.685365,-103.170067
840,XETEY,Tepic,Nayarit,Mexico,"Tepic, Nayarit, Mexico",21.511916,-104.891589
850,Radio Reloj (850),Nueva Gerona,DX,Cuba,"Nueva Gerona, Cuba",21.884696,-82.803841
850,XECPAF,Jalpan de Serra,Querétaro,Mexico,"Jalpan de Serra, Querétaro, Mexico",21.384141,-99.32646
850,XEZF,Mexicali,Baja California,Mexico,"Mexicali, Baja California, Mexico",32.624531,-115.452604
850,WABA,Aguadilla,PR,Puerto Rico,"Aguadilla, PR, Puerto Rico",18.449655,-67.118476
850,CX16,Montevideo,DX,Uruguay,"Montevideo, Uruguay",-34.905892,-56.19131
855,Radio Nacional (Spain),Murcia,DX,Spain,"Murcia, Spain",37.934752,-1.113103
860,CFPR,Prince Rupert,BC,Canada,"Prince Rupert, BC, Canada",54.312657,-130.32549
860,CBKF-2,Saskatoon,SK,Canada,"Saskatoon, SK, Canada",52.131802,-106.660767
860,CKBF,Saskatoon,SK,Canada,"Saskatoon, SK, Canada",52.131802,-106.660767
860,CJBC,Toronto,ON,Canada,"Toronto, Canada",43.6532,-79.3832
860,Radio Reloj (860),Bolondrón,DX,Cuba,"Bolondrón, Cuba",22.762315,-81.446733
860,XEUN,Atzacoalco,Ciudad Mexico,Mexico,"Atzacoalco, Ciudad Mexico, Mexico",19.509851,-99.102329
860,XECTL,Chetumal,Quintana Roo,Mexico,"Chetumal, Quintana Roo, Mexico",18.502438,-88.295795
860,XENL,Monterrey,Nuevo Leon,Mexico,"Monterrey, Mexico",25.686613,-100.316116
860,XEMO,Tijuana,Baja California,Mexico,"Tijuana, Baja California, Mexico",32.53174,-117.019529
864,IRIB - R. Kermanshah,Qasr-e Shirin,DX,Iran,"Qasr-e Shirin, Iran",34.515594,45.580016
864,HLKR,Gangneung,DX,South Korea,"Gangneung, South Korea",37.752531,128.875952
870,LRA1,Buenos Aires,DX,Argentina,"Buenos Aires, Argentina",-34.609558,-58.38879
870,CFSX,Stephenville,NL,Canada,"Stephenville, NL, Canada",48.545202,-58.587115
870,HJAY,Barranquilla,DX,Colombia,"Barranquilla, Colombia",11.010192,-74.823179
870,Radio Reloj (870),Baracoa,DX,Cuba,"Baracoa, Cuba",20.347787,-74.496865
870,Radio Reloj (870),Bueycito,DX,Cuba,"Bueycito, Cuba",20.238163,-76.772714
870,Radio Reloj (870),Sancti Spiritus,DX,Cuba,"Sancti Spiritus, Cuba",21.726128,-79.613293
870,HIB59,La Vega,DX,Dominican Republic,"La Vega, Dominican Republic",19.03115,-70.727425
870,XEGRO,Chilpancingo,Guerrero,Mexico,"Chilpancingo, Guerrero, Mexico",17.554215,-99.504842
870,XETAR,Guachochi,Chihuahua,Mexico,"Guachochi, Chihuahua, Mexico",27.144669,-107.205301
873,KCBS,Sinuiju,DX,North Korea,"Sinuiju, North Korea",40.094076,124.397756
873,RADIO ZARAGOZA SER,Zaragoza,DX,Spain,"Zaragoza, Spain",41.65606,-0.87734
880,CKLQ,Brandon,MB,Canada,"Brandon, MB, Canada",49.851114,-99.960892
880,CHQT,Edmonton,AB,Canada,"Edmonton, AB, Canada",53.546205,-113.491241
880,Radio Progreso (880),Pinar Del Rio,DX,Cuba,"Pinar Del Rio, Cuba",22.312447,-83.938483
880,WYKO,Sabana Grande,PR,Puerto Rico,"Sabana Grande, PR, Puerto Rico",18.087309,-66.949762
882,BBC Radio Wales,Washford,DX,England,"Washford, England",51.160638,-3.362015
882,"Saudi Broadcasting Authority, Quran R",Dammam,DX,Saudi Arabia,"Dammam, Saudi Arabia",26.436782,50.103999
882,SBA Quran Radio,Dammam,DX,Saudi Arabia,"Dammam, Saudi Arabia",26.436782,50.103999
890,CJDC,Dawson Creek,BC,Canada,"Dawson Creek, BC, Canada",55.760531,-120.236445
890,HJCE,Bogotá,DX,Colombia,"Bogota, Colombia",4.653382,-74.083633
890,HJPM,Santa Marta,DX,Colombia,"Santa Marta, Colombia",11.232094,-74.195092
890,Radio Progreso (890),Chambas,DX,Cuba,"Chambas, Cuba",22.193985,-78.911304
890,Radio Revolucion (890),Santiago de Cuba,DX,Cuba,"Santiago de Cuba, Cuba",20.0289,-75.829
891,5AN,Adelaide South Australia,DX,Australia,"Adelaide South Australia, Australia",-34.920631,138.603969
891,JOKD NHK Radio 1,Kitami,DX,Japan,"Kitami, Japan",43.802939,143.894635
891,KCBS,Sinuiju,DX,North Korea,"Sinuiju, North Korea",40.094076,124.397756
891,"HLKB, Korean Broadcasting Service 1",Busan,DX,South Korea,"Busan, South Korea",35.179953,129.075236
891,BCC Tainan,Tainan,DX,Taiwan,"Tainan, Taiwan",22.991235,120.184982
900,CHML,Hamilton,ON,Canada,"Hamilton, ON, Canada",43.25608,-79.872858
900,CKBI,Prince Albert,SK,Canada,"Prince Albert, SK, Canada",53.202029,-105.755896
900,CNR,Golmud,DX,China,"CNR2, Golmud, China",35.000074,104.999927
900,Radio Progreso (900),San Germán,DX,Cuba,"San Germán, Cuba",20.598318,-76.134736
900,XEW,Mexico City,Ciudad Mexico,Mexico,"Mexico City, Ciudad Mexico, Mexico",19.43263,-99.133178
909,BBC Radio 5,Moorside Edge,DX,United Kingdom,"Moorside Edge, United Kingdom",53.635164,-1.894836
910,CKDQ,Drumheller,AB,Canada,"Drumheller, AB, Canada",51.416933,-112.640238
910,TIQM,San Jose,DX,Costa Rica,"San Jose, Costa Rica",9.932771,-84.079614
910,Radio Cadena Agramonte (910),Camaguey,DX,Cuba,"Camaguey, Cuba",21.379176,-77.918368
910,Radio Metropolitana (910),Villa María,DX,Cuba,"Villa María, Cuba",23.10248,-82.287114
910,HRVS,Tegucigalpa,DX,Honduras,"Tegucigalpa, Honduras",14.105814,-87.204705
910,XEAO,Mexicali,Baja California,Mexico,"Mexicali, Baja California, Mexico",32.624531,-115.452604
910,HJMY,San Andrés,DX,San Andres y Providencia,"San Andrés, San Andres y Providencia",12.537598,-81.720416
910,YVRQ,Caracas,DX,Venezuela,"Caracas, Venezuela",10.506093,-66.914601
918,National Radio of Kampuchea,Phnom Penh,DX,Kampuchea,"Phnom Penh, Kampuchea",11.573039,104.857807
920,CFRY,Portage La Prairie,MB,Canada,"Portage La Prairie, MB, Canada",49.972422,-98.289185
920,CKNX,Wingham,ON,Canada,"Wingham, Canada",43.89,-81.31
920,XELT,Guadalajara,Jalisco,Mexico,"Guadalajara, Mexico",20.659698,-103.349609
920,XERE,Salvatierra,Guanajuato,Mexico,"Salvatierra, Guanajuato, Mexico",20.192655,-100.865993
920,ZP1,Nueva Asuncion,DX,Paraguay,"Nueva Asuncion, Paraguay",-25.252016,-57.641539
930,CJCA,Edmonton,AB,Canada,"Edmonton, AB, Canada",53.546205,-113.491241
930,CFBC,St John,NB,Canada,"St John, NB, Canada",45.278799,-66.058519
930,CJYQ,St Johns,NL,Canada,"St Johns, NL, Canada",56.692284,-60.937319
930,Radio Reloj (930),La Jaiba,DX,Cuba,"La Jaiba, Cuba",23.025622,-81.587727
930,XESAME,Saltillo,Coahuila,Mexico,"Saltillo, Coahuila, Mexico",25.423043,-100.992751
930,XETLA,Tlaxiaco,Oaxaca,Mexico,"Tlaxiaco, Oaxaca, Mexico",17.236427,-97.698952
940,ZYJ453,Rio de Janeiro,DX,Brazil,"Rio de Janeiro, Brazil",-22.911014,-43.209373
940,CFNV,Montreal,QC,Canada,"Montreal, Canada",45.50888,-73.561668
940,CJGX,Yorkton,SK,Canada,"Yorkton, SK, Canada",51.212045,-102.461243
940,XEMMM,Mexicali,Baja California,Mexico,"Mexicali, Baja California, Mexico",32.624531,-115.452604
940,XEQ,México City,Ciudad Mexico,Mexico,"México City, Ciudad Mexico, Mexico",19.43263,-99.133178
940,XERLA,Santa Rosalia,Chihuahua,Mexico,"Santa Rosalia, Chihuahua, Mexico",26.681748,-105.456666
940,WIPR,San Juan,PR,Puerto Rico,"San Juan, Puerto Rico",18.45,-66.07
945,STP,Pinheira,DX,Sao Tome & Principe,"Pinheira, Sao Tome & Principe",0.326412,6.730094
950,CFAM,Altona,MB,Canada,"Altona, MB, Canada",49.103111,-97.558361
950,Radio Reloj (950),Arroyo Arenas,DX,Cuba,"Arroyo Arenas, Cuba",23.03829,-82.475343
950,Radio Reloj (950),Camaguey,DX,Cuba,"Camaguey, Cuba",21.379176,-77.918368
950,Voice of Broad Masses 1,"Dimtsi Hafash 1, Asmara",DX,Eritrea,"Dimtsi Hafash 1, Asmara, Eritrea",15.950032,37.999967
950,XEMAB,Ciudad del Carmen,Campeche,Mexico,"Ciudad del Carmen, Campeche, Mexico",18.651739,-91.81492
950,XEKAM,Tijuana,Baja California,Mexico,"Tijuana, Baja California, Mexico",32.53174,-117.019529
960,CFAC,Calgary,AB,Canada,"Calgary, AB, Canada",51.045606,-114.057541
960,CKNT,Mississauga,ON,Canada,"Mississauga, ON, Canada",43.588473,-79.643658
960,Radio Reloj (960),Guantanamo,DX,Cuba,"Guantanamo, Cuba",20.14318,-75.203478
960,XEHK,Guadalajara,Jalisco,Mexico,"Guadalajara, Mexico",20.659698,-103.349609
970,Radio Guama (970),Los Palacios,DX,Cuba,"Los Palacios, Cuba",22.585404,-83.248131
970,XEJ,Ciudad Juarez,Chihuahua,Mexico,"Ciudad Juarez, Mexico",31.69,-106.42
970,XERFR,Mexico City,Ciudad Mexico,Mexico,"Mexico City, Ciudad Mexico, Mexico",19.43263,-99.133178
980,CFPL,London,ON,Canada,"London, Canada",42.983612,-81.249725
980,CKNW,New Westminster,BC,Canada,"New Westminster, BC, Canada",49.206773,-122.910882
980,CJME,Regina,SK,Canada,"Regina, SK, Canada",50.447973,-104.615876
980,HJES,Cali,DX,Colombia,"Cali, Colombia",3.410843,-76.581213
980,HJJV,Cucuta,DX,Colombia,"Cucuta, Colombia",8.077619,-72.4689
980,Radio Coco (980),La Habana,DX,Cuba,"La Habana, Cuba",23.135305,-82.358963
981,Chaine 2,Alger,DX,Algeria,"Alger, Algeria",36.772933,3.058845
990,CBY,Corner Brook,NL,Canada,"Corner Brook, NL, Canada",48.95317,-57.947388
990,CBW,Winnipeg,MB,Canada,"Winnipeg, MB, Canada",49.895537,-97.138458
990,Radio Guama (990),Pinar Del Rio,DX,Cuba,"PINAR DEL RIO, Cuba",22.312447,-83.938483
990,XECL,Mexicali,Baja California,Mexico,"Mexicali, Baja California, Mexico",32.624531,-115.452604
990,XET,Monterrey,Nuevo Leon,Mexico,"Monterrey, Mexico",25.686613,-100.316116
990,XEIU,Oaxaca,Oaxaca,Mexico,"Oaxaca, Oaxaca, Mexico",17.060466,-96.725358
990,SER CADIZ,CADIZ,DX,Spain,"CADIZ, Spain",36.5298,-6.2947
999,RAI Radio,Volpiano,DX,Italy,"Volpiano, Italy",45.201451,7.778222
999,Radio Malta,Bizbizja,DX,Malta,"Bizbizja, Malta",35.931144,14.395163
999,TWR Europe,Grigoriopol / Maiac,DX,Moldova,"Grigoriopol / Maiac, Moldova",47.287961,28.567094
999,COPE,Madrid,DX,Spain,"Madrid, Spain",40.416782,-3.703507
999,Cope Madrid,Madrid,DX,Spain,"Madrid, Spain",40.416782,-3.703507
999,Gold East Midlands,Nottingham / Trowell,DX,United Kingdom,"Nottingham / Trowell, United Kingdom",52.955183,-1.248456
1000,CHHM,Toronto,ON,Canada,"Toronto, Canada",43.6532,-79.3832
1000,HJAQ,Cartagena,DX,Colombia,"Cartagena, Colombia",10.426557,-75.544167
1000,Radio Artemisa (1000),Artemisa,DX,Cuba,"Artemisa, Cuba",22.826523,-82.925932
1000,XEFV,Ciudad Juárez,Chihuahua,Mexico,"Ciudad Juárez, Chihuahua, Mexico",31.690798,-106.425321
1000,XEOY,Mexico City,Ciudad Mexico,Mexico,"Mexico City, Ciudad Mexico, Mexico",19.43263,-99.133178
1008,RADIO EXTREMADURA SER,BADAJOZ,DX,Spain,"BADAJOZ, Spain",38.8779,-6.9706
1008,United AM,Neede,DX,The Netherlands,"Neede, The Netherlands",52.135029,6.611339
1010,CBR,Calgary,AB,Canada,"Calgary, AB, Canada",51.045606,-114.057541
1010,CFRB,Toronto,ON,Canada,"Toronto, Canada",43.6532,-79.3832
1010,XEHL,Guadalajara,Jalisco,Mexico,"Guadalajara, Mexico",20.659698,-103.349609
1010,XECPHH,Huejutla,Hidalgo,Mexico,"Huejutla, Hidalgo, Mexico",21.14338,-98.388379
1010,XEPA,Puebla,Puebla,Mexico,"Puebla, Mexico",19.04334,-98.20193
1010,XETUX,Tuxpan,Veracruz,Mexico,"Tuxpan, Veracruz, Mexico",20.929834,-97.393662
1017,China Radio International,Changchun,DX,China,"Changchun, China",43.88442,125.3181
1017,CRI,Changchun,DX,China,"Changchun, China",43.88442,125.3181
1017,RNE 5,Burgos,DX,Spain,"Burgos, Spain",42.34485,-3.681248
1017,A3Z,Nuku'alofa,DX,Tonga,"Nuku'alofa, Tonga",-21.13434,-175.201808
1020,HJFQ,Pereira,DX,Colombia,"Pereira, Colombia",4.785461,-75.788322
1020,Radio Artemisa (1020),Bahía Honda,DX,Cuba,"Bahía Honda, Cuba",22.886089,-83.157066
1020,Radio Trinchera (1020),Baracoa,DX,Cuba,"Baracoa, Cuba",20.347787,-74.496865
1020,Radio Guama (1020),Santa Lucia,DX,Cuba,"Santa Lucia, Cuba",21.38535,-77.167118
1020,HRPN,Choluteca,DX,Honduras,"Choluteca, Honduras",13.37142,-87.071396
1020,XEPR,Poza Rica,Veracruz,Mexico,"Poza Rica, Veracruz, Mexico",20.532085,-97.453636
1026,IRIB Radio Tabriz,Azarshahr,DX,Iran,"Azarshahr, Iran",37.757664,45.978101
1026,Downtown Radio,Belfast / Knockbracken,DX,Northern Ireland,"Belfast / Knockbracken, Northern Ireland",54.536924,-5.908083
1026,BBC Radio Jersey BBC Radio South West,Trinity,DX,United Kingdom,"Trinity, United Kingdom",55.975794,-3.20531
1030,XEBCC,Ciudad del Campeche,Campeche,Mexico,"Ciudad del Campeche, Campeche, Mexico",18.653405,-91.84033
1030,XEROPJ,Lagos de Moreno,Jalisco,Mexico,"Lagos de Moreno, Jalisco, Mexico",21.53303,-101.819957
1030,XEQR,Mexico City,Ciudad Mexico,Mexico,"Mexico City, Ciudad Mexico, Mexico",19.43263,-99.133178
1035,CNR1,Multiple Sites,DX,China,"Multiple Sites, China",35.000074,104.999927
1035,Radio Eli,Tartu,DX,Estonia,"Tartu, Estonia",58.377953,26.729002
1040,CKST,Vancouver,BC,Canada,"Vancouver, BC, Canada",49.260872,-123.113952
1040,Radio Mayabeque (1040),Güines,DX,Cuba,"Güines, Cuba",22.837113,-82.028485
1040,XEHES,Chihuahua,Chihuahua,Mexico,"Chihuahua, Chihuahua, Mexico",28.636867,-106.076745
1040,XEPLE,Palenque,Chiapas,Mexico,"Palenque, Chiapas, Mexico",17.453161,-91.812124
1040,XESAG,Salamanca,Guanajuato,Mexico,"Salamanca, Guanajuato, Mexico",20.651136,-101.166767
1040,XEBBB,Zapopan,Jalisco,Mexico,"Zapopan, Jalisco, Mexico",20.72112,-103.391367
1044,Metro Plus,Hong Kong,DX,Hong Kong,"Hong Kong, Hong Kong",22.279297,114.162891
1044,SER,San Sebastion,DX,Spain,"San Sebastion, Spain",39.326068,-4.837979
1050,CJNB,North Battleford,SK,Canada,"North Battleford, SK, Canada",52.776186,-108.300476
1050,CHUM,Toronto,ON,Canada,"Toronto, Canada",43.6532,-79.3832
1050,XEBCS,La Paz,Baja California Sur,Mexico,"La Paz, Baja California Sur, Mexico",24.161995,-110.315853
1050,XED,Mexicali,Baja California,Mexico,"Mexicali, Baja California, Mexico",32.624531,-115.452604
1050,XEG,Monterrey,Nuevo Leon,Mexico,"Monterrey, Mexico",25.686613,-100.316116
1050,XEIP,Uruapan,Michoacán,Mexico,"Uruapan, Michoacán, Mexico",19.414727,-102.052265
1053,2CA,Canberra,DX,Australia,"Canberra, Australia",-35.297591,149.101268
1053,Talksport,Droitwich,DX,England,"Droitwich, England",52.26851,-2.148607
1053,JOBR,Nagoya,DX,Japan,"Nagoya, Japan",35.185105,136.899844
1053,SRR Radio Iași,Iași / Lețcani,DX,Romania,"Iași / Lețcani, Romania",47.259712,27.566456
1053,COPE CASTELLON,CASTELLON,DX,Spain,"CASTELLON, Spain",39.986355,-0.051325
1060,CKMX,Calgary,AB,Canada,"Calgary, AB, Canada",51.045606,-114.057541
1060,Radio 26 (1060),Jovellanos,DX,Cuba,"Jovellanos, Cuba",22.80516,-81.196847
1060,XERDO,Matamoros,Tamaulipas,Mexico,"Matamoros, Mexico",25.881016,-97.506487
1060,XECPAE,Mexico City,Ciudad Mexico,Mexico,"Mexico City, Ciudad Mexico, Mexico",19.43263,-99.133178
1062,HLKQ - KBS 1 Radio,Cheongu,DX,South Korea,"Cheongu, South Korea",35.868059,129.218069
1070,CHOK,Sarnia,ON,Canada,"Sarnia, ON, Canada",42.974382,-82.403533
1070,HJCG,Bogotá,DX,Colombia,"Bogota, Colombia",4.653382,-74.083633
1070,Radio Guama (1070),Guane,DX,Cuba,"Guane, Cuba",22.202023,-84.082915
1070,Radio Trinchera (1070),Guantánamo,DX,Cuba,"Guantánamo, Cuba",19.918556,-75.159326
1070,XEIT,Ciudad del Carmen,Campeche,Mexico,"Ciudad del Carmen, Campeche, Mexico",18.651739,-91.81492
1080,Radio Surco (1080),Ciego de Ávila,DX,Cuba,"Ciego de Ávila, Cuba",21.747669,-78.731492
1080,Radio Cadena Habana (1080),Villa María,DX,Cuba,"Villa María, Cuba",23.10248,-82.287114
1080,YSIM,San Miguel,DX,El Salvador,"San Miguel, El Salvador",13.48039,-88.17722
1080,XEPBPV,Puerto Vallarta,Jalisco,Mexico,"Puerto Vallarta, Jalisco, Mexico",20.640718,-105.220306
1080,XETUL,Tultitlán de Mariano Escobedo,Estado de México,Mexico,"Tultitlán de Mariano Escobedo, Mexico",19.6449845,-99.1687461
1080,RADIO HUESCA SER,Huesca,DX,Spain,"Huesca, Spain",42.136061,-0.029803
1089,Talksport,Droitwich,DX,England,"Droitwich, England",52.26851,-2.148607
1090,HJOM,Cartagena,DX,Colombia,"Cartagena, Colombia",10.426557,-75.544167
1090,HJBC,Cucuta,DX,Colombia,"Cucuta, Colombia",8.077619,-72.4689
1090,Radio Victoria (1090),Amancio,DX,Cuba,"Amancio, Cuba",20.827605,-77.578741
1090,HIJM,Santiago,DX,Dominican Republic,"Santiago, Dominican Republic",19.336389,-70.952128
1090,XEAU,Monterrey,Nuevo Leon,Mexico,"Monterrey, Mexico",25.686613,-100.316116
1090,XEHR,Puebla,Puebla,Mexico,"Puebla, Mexico",19.04334,-98.20193
1090,XEPRS,Rosarito,Baja California,Mexico,"Rosarito, Baja California, Mexico",32.365166,-117.055792
1090,Radio Vision (1090),Tumbes,DX,Peru,"Tumbes, Peru",-3.833333,-80.5
1090,YVSZ,Caracas,DX,Venezuela,"Caracas, Venezuela",10.506093,-66.914601
1098,V7AB,Majuro,DX,Marshall Islands,"Majuro, Marshall Islands",7.090992,171.381635
1098,Radio Jeddah,Dammam,DX,Saudi Arabia,"Dammam, Saudi Arabia",26.436782,50.103999
1100,Radio BBN,Vina Del Mar,DX,Chile,"Vina Del Mar, Chile",-33.024453,-71.551764
1100,HJAT,Barranquilla,DX,Colombia,"Barranquilla, Colombia",11.010192,-74.823179
1100,HJCN,Bogotá,DX,Colombia,"Bogotá, Colombia",4.653382,-74.083633
1100,HRND,La Esperanza,DX,Honduras,"La Esperanza, Honduras",14.308134,-88.176785
1100,XECPOG,Ometepec,Guerrero,Mexico,"Ometepec, Guerrero, Mexico",16.672643,-98.363031
1100,XETGO,Tlaltenango,Zacatecas,Mexico,"Tlaltenango, Mexico",21.78,-103.3
1107,JOCF MBC Minami Nihon Hoso,Kagoshima,DX,Japan,"Kagoshima, Japan",31.521587,130.547408
1107,RNE 5,Longrono,DX,Spain,"Longrono, Spain",39.326068,-4.837979
1110,Radio Angulo (1110),Holguin,DX,Cuba,"Holguin, Cuba",20.911558,-75.789198
1110,XERED,Mexico City,Ciudad Mexico,Mexico,"Mexico City, Ciudad Mexico, Mexico",19.43263,-99.133178
1120,YSLR,San Salvador,DX,El Salvador,"San Salvador, El Salvador",13.697629,-89.191156
1120,XERUY,Merida,Yucatan,Mexico,"Merida, Yucatan, Mexico",20.967076,-89.62374
1120,XEMX,Mexicali,Baja California,Mexico,"Mexicali, Baja California, Mexico",32.624531,-115.452604
1120,XEPOP,Puebla,Puebla,Mexico,"Puebla, Mexico",19.04334,-98.20193
1120,YNCP,Managua,DX,Nicaragua,"Managua, Nicaragua",12.154712,-86.273725
1120,WMSW,Hatillo,PR,Puerto Rico,"Hatillo, PR, Puerto Rico",18.407159,-66.795929
1125,Gold Sport,Hawke's Bay,DX,New Zealand,"Hawke's Bay, New Zealand",-39.525651,176.761146
1130,CKWX,Vancouver,BC,Canada,"Vancouver, BC, Canada",49.260872,-123.113952
1130,HJVA,Bogotá,DX,Colombia,"BOGOTA, Colombia",4.653382,-74.083633
1130,XECHAP,Chapingo,Estado de México,Mexico,"Chapingo, Estado de México, Mexico",19.341569,-98.844649
1130,XEFN,Uruapan,Michoacán,Mexico,"Uruapan, Michoacán, Mexico",19.414727,-102.052265
1130,Radio Nacional,Montevideo,DX,Uruguay,"Montevideo, Uruguay",-34.905892,-56.19131
1130,Radio Ideal,Maiquetia,DX,Venezuela,"Maiquetia, Venezuela",10.603162,-66.996677
1134,Radio Kuwait,Kabd-Sulaibi,DX,Kuwait,"Kabd-Sulaibi, Kuwait",29.273396,47.497948
1140,CHRB,High River,AB,Canada,"High River, AB, Canada",50.580192,-113.870933
1140,CBI,Sydney,NS,Canada,"Sydney, NS, Canada",46.138211,-60.194191
1140,Radio Rebelde (1140),Aguada,DX,Cuba,"Aguada, Cuba",21.188231,-76.585226
1140,Radio Mayabeque (1140),La Salud,DX,Cuba,"La Salud, Cuba",22.873244,-82.421861
1140,Radio Surco (1140),Morón,DX,Cuba,"Morón, Cuba",22.106715,-78.626974
1140,Radio Musica Nacional (1140),Santa Clara,DX,Cuba,"Santa Clara, Cuba",22.40694,-79.96472
1140,XEMR,San Nicolás de los Garza,Nuevo Leon,Mexico,"San Nicolás de los Garza, Nuevo Leon, Mexico",25.755802,-100.289648
1140,XETEC,Tecpatan,Chiapas,Mexico,"Tecpatan, Chiapas, Mexico",17.157247,-93.386512
1143,COPE JAEN,JAEN,DX,Spain,"JAEN, Spain",37.76922,-3.79028
1143,Taiwan Chü Yuyeh Kuangpo Tientai,Baisha/Chiangmei Tsun,DX,Taiwan,"Baisha/Chiangmei Tsun, Taiwan",23.973937,120.982018
1150,CJSL,Estevan,SK,Canada,"Estevan, SK, Canada",49.142808,-102.991075
1150,CKOC,Hamilton,ON,Canada,"Hamilton, ON, Canada",43.25608,-79.872858
1150,CKFR,Kelowna,BC,Canada,"Kelowna, BC, Canada",49.887918,-119.495902
1150,Radio Bayamo (1150),Bueycito,DX,Cuba,"Bueycito, Cuba",20.238163,-76.772714
1150,TGT,Ciudad de Guatemala,DX,Guatemala,"Ciudad de Guatemala, Guatemala",14.641614,-90.513284
1150,XEUAS,Culiacan,Sinaloa,Mexico,"Culiacan, Sinaloa, Mexico",24.797897,-107.393395
1150,XERM,Mexicali,Baja California,Mexico,"Mexicali, Baja California, Mexico",32.624531,-115.452604
1150,XEJP,Mexico City,Ciudad Mexico,Mexico,"Mexico City, Ciudad Mexico, Mexico",19.43263,-99.133178
1152,"6PB, ABC Newsradio",Busselton-Kealy,DX,Australia,"Busselton-Kealy, Australia",-33.65844,115.241483
1160,Caribbean Radio Lighthouse,Saint Mary,DX,Antigua,"Caribbean Radio Lighthouse, Saint Mary, Antigua",17.103715,-61.79045
1160,HJOC,Bogotá,DX,Colombia,"Bogota, Colombia",4.653382,-74.083633
1160,XEQIN,San Quintín,Baja California,Mexico,"San Quintín, Baja California, Mexico",30.561372,-115.938162
1160,OAX4C - Radio Onda Cero,Lima,DX,Peru,"Lima, Peru",-12.045981,-77.030591
1161,Canal 1,In Salah,DX,Algeria,"In Salah, Algeria",27.195033,2.482792
1170,HJNW,Cartagena,DX,Colombia,"Cartagena, Colombia",10.426557,-75.544167
1170,XERT,Reynosa,Tamaulipas,Mexico,"Reynosa, Tamaulipas, Mexico",26.092837,-98.27795
1170,Radio Capodistria,Beli Križ,DX,Slovenia,"Beli Križ, Slovenia",45.52,13.580047
1170,Sowt al-Jumhuriya,Al-Dhabbaya,DX,UAE,"Al-Dhabbaya, UAE",24.000249,53.999483
1179,SRR Radio România Actualități,Bacau,DX,Romania,"Bacau, Romania",46.556049,26.915356
1179,SER RADIOO CLUB TENERIFE,TENERIFE,DX,Spain,"TENERIFE, Spain",28.2916,16.6291
1180,Radio Rebelde (1180),Martí,DX,Cuba,"Martí, Cuba",22.945113,-80.916821
1180,XEUBS,La Paz,Baja California Sur,Mexico,"La Paz, Baja California Sur, Mexico",24.161995,-110.315853
1180,XEFR,Mexico City,Ciudad Mexico,Mexico,"Mexico City, Ciudad Mexico, Mexico",19.43263,-99.133178
1188,"HLKX, FEBC Korea",Daebu,DX,South Korea,"Daebu, South Korea",37.245242,126.580741
1190,LR9 - Radio Perfil,Llavallol,DX,Argentina,"Radio Perfil, Llavallol, Argentina",-34.996496,-64.967282
1190,CFSL,Weyburn,SK,Canada,"Weyburn, SK, Canada",49.665124,-103.854034
1190,XEPZ,Ciudad Juarez,Chihuahua,Mexico,"Ciudad Juarez, Mexico",31.69,-106.42
1190,XEMBC,Mexicali,Baja California,Mexico,"Mexicali, Baja California, Mexico",32.624531,-115.452604
1190,XECT,Monterrey,Nuevo Leon,Mexico,"Monterrey, Mexico",25.686613,-100.316116
1190,XEXQ,San Luis Potosi,San Luis Potosí,Mexico,"San Luis Potosi, Mexico",22.15,-100.97
1200,ZYK520 - Super Radio Brasila,São Paulo,DX,Brazil,"Radio Cultura Brasil, Brazil",-27.096507,-53.594602
1200,CFGO,Ottawa,ON,Canada,"Ottawa, ON, Canada",45.420878,-75.690111
1200,CJRJ,Vancouver,BC,Canada,"Vancouver, BC, Canada",49.260872,-123.113952
1200,Radio Sancti Spiritus (1200),Yaguajay,DX,Cuba,"Yaguajay, Cuba",22.326319,-79.235598
1200,Radio Ven,Santo Domingo,DX,Dominican Republic,"Santo Domingo, Dominican Republic",18.471386,-69.891844
1200,XECPAC,Jalpan,Querétaro,Mexico,"Jalpan, Querétaro, Mexico",20.512996,-100.344862
1210,ZYH711 - Super Radio Brasila,Brasilia,DX,Brazil,"Super Radio Brasila, Brasilia, Brazil",-10.333333,-53.2
1210,CFYM,Kindersley,SK,Canada,"Kindersley, SK, Canada",51.468709,-109.158136
1210,Radio Reloj (1210),Las Tunas,DX,Cuba,"Las Tunas, Cuba",21.088704,-76.812165
1210,Radio Sancti Spiritus (1210),Sancti Spiritus,DX,Cuba,"Sancti Spiritus, Cuba",21.726128,-79.613293
1210,XECOPA,Copainala,Chiapas,Mexico,"Copainala, Chiapas, Mexico",17.093021,-93.210211
1215,Absolute Radio,London,DX,United Kingdom,"London, United Kingdom",51.507446,-0.127765
1220,CJRB,Boissevain,MB,Canada,"Boissevain, MB, Canada",49.227773,-100.059412
1220,CFAJ,St. Catharines,ON,Canada,"St. Catharines, ON, Canada",43.157981,-79.2441
1220,Radio Caribe (1220),La Fe,DX,Cuba,"La Fe, Cuba",21.7437,-82.755675
1220,XEB,Mexico City,Ciudad Mexico,Mexico,"Mexico City, Ciudad Mexico, Mexico",19.43263,-99.133178
1220,XESAL,Saltillo,Coahuila,Mexico,"Saltillo, Coahuila, Mexico",25.423043,-100.992751
1224,COPE HUELVA,HUELVA,DX,Spain,"HUELVA, Spain",37.2664,-6.94
1230,LT2 - Radio Dos,Rosario,DX,Argentina,"Rosario, Argentina",-32.959361,-60.661702
1230,XETVH,Cunduacan,Tabasco,Mexico,"Cunduacan, Tabasco, Mexico",18.08729,-93.232136
1230,XEDKN,Guadalajara,Jalisco,Mexico,"Guadalajara, Mexico",20.659698,-103.349609
1230,XEIZ,Monterrery,Nuevo Leon,Mexico,"Monterrery, Nuevo Leon, Mexico",23.658512,-102.00771
1233,Milano XR,Milano,DX,Italy,"Milano, Italy",45.464194,9.189635
1240,CJOR,Osoyoos,BC,Canada,"Osoyoos, BC, Canada",49.033333,-119.466667
1240,XEWG,Ciudad Juarez,Chihuahua,Mexico,"Ciudad Juarez, Mexico",31.69,-106.42
1240,XEMEFM,Morelia,Michoacán,Mexico,"Morelia, Michoacán, Mexico",19.6546,-101.26238
1240,XERD,Pachuca,Hidalgo,Mexico,"Pachuca, Hidalgo, Mexico",20.116541,-98.741354
1242,Radio Sultanate of Oman,As Seeb,DX,Oman,"As Seeb, Oman",23.655325,58.057012
1250,CJYE,Oakvillw,ON,Canada,"Oakvillw, ON, Canada",61.066692,-107.991707
1250,CHSM,Steinbach,MB,Canada,"Steinbach, MB, Canada",49.525441,-96.685428
1250,XEDK,Guadalajara,Jalisco,Mexico,"Guadalajara, Mexico",20.659698,-103.349609
1250,WPGP,Pittsburgh,Tamaulipas,Mexico,"Pittsburgh, Tamaulipas, Mexico",23.658512,-102.00771
1250,XETEJ,Tejupilco,Estado de México,Mexico,"Tejupilco, Estado de México, Mexico",18.890632,-100.127859
1250,XEVREP,Veracruz,Veracruz,Mexico,"Veracruz, Veracruz, Mexico",19.200343,-96.138357
1251,Danko Radio,Szombathely,DX,Hungary,"Szombathely, Hungary",47.229118,16.618762
1260,CFRN,Edmonton,AB,Canada,"Edmonton, AB, Canada",53.546205,-113.491241
1260,CKHJ,Frederickton,NB,Canada,"Frederickton, NB, Canada",45.950084,-66.688838
1260,Radio Progreso (1260),Media Luna,DX,Cuba,"Media Luna, Cuba",20.147313,-77.435766
1260,Akashvani Ambikapur,Ambikapur,DX,India,"Ambikapur, India",23.122634,83.198189
1260,XEL,Mexico City,Ciudad Mexico,Mexico,"Mexico City, Ciudad Mexico, Mexico",19.43263,-99.133178
1260,XEZH,Salamanca,Guanajuato,Mexico,"Salamanca, Guanajuato, Mexico",20.651136,-101.166767
1260,XEJAM,Santiago Jamiltepec,Oaxaca,Mexico,"Santiago Jamiltepec, Oaxaca, Mexico",16.224763,-97.780752
1260,SER ALGECIRAS EAJ55,ALGECIRAS,DX,Spain,"ALGECIRAS, Spain",36.1333,5.4505
1260,Magic Radio,Cardif Wales,DX,United Kingdom,"Cardif Wales, United Kingdom",51.481655,-3.179193
1260,WHYM,Lake City,VI,US Virgin Islands,"Lake City, VI, US Virgin Islands",17.789187,-64.708057
1269,China Radio International - Indian Service,Xuanwei,DX,China,"Xuanwei, China",26.231132,104.100029
1269,Cope Barcelona,Barcelona,DX,Spain,"Barcelona, Spain",41.38258,2.177073
1270,LS11,Rosario,DX,Argentina,"Rosario, Argentina",-32.959361,-60.661702
1270,CJCB,Sydney,NS,Canada,"Sydney, NS, Canada",46.138211,-60.194191
1270,HJAR,Cartagena,DX,Colombia,"Cartagena, Colombia",10.426557,-75.544167
1270,XERPL,Leon,Guanajuato,Mexico,"Leon, Guanajuato, Guanajuato, Mexico",21.121965,-101.682977
1270,XEGL,Navojoa,Sonora,Mexico,"Navojoa, Sonora, Mexico",27.072187,-109.443823
1270,XEAZ,Tijuana,Baja California,Mexico,"Tijuana, Baja California, Mexico",32.53174,-117.019529
1278,Radio Sultanate of Oman,Bahla,DX,Oman,"Bahla, Oman",22.998473,57.316806
1278,Cope Barcelona,Barcelona,DX,Spain,"Barcelona, Spain",41.38258,2.177073
1278,UR1 Pershiy Kanal,Kuriose,DX,Ukraine,"Kuriose, Ukraine",49.487197,31.271832
1280,CFMB,Montreal,QC,Canada,"Montreal, Canada",45.50888,-73.561668
1280,CJTM,Toronto,ON,Canada,"Toronto, Canada",43.6532,-79.3832
1280,HJLR,Pasto,DX,Colombia,"Pasto, Colombia",1.214028,-77.27851
1280,XEAW,Monterrey,Nuevo Leon,Mexico,"Monterrey, Mexico",25.686613,-100.316116
1280,XEEG,Puebla,Puebla,Mexico,"Puebla, Mexico",19.04334,-98.20193
1280,XETUT,Tula,Tamaulipas,Mexico,"Tula, Tamaulipas, Mexico",22.947882,-99.805588
1287,Galei Tzahal,Haifa,DX,Israel,"Haifa, Israel",32.819122,34.998386
1290,CJBK,London,ON,Canada,"London, Canada",42.983612,-81.249725
1290,CFRW,Winnipeg,MB,Canada,"Winnipeg, MB, Canada",49.895537,-97.138458
1290,CJRC,Winnipeg,MB,Canada,"Winnipeg, MB, Canada",49.895537,-97.138458
1290,XEIX,Jiquilpan,Michoacán,Mexico,"Jiquilpan, Michoacán, Mexico",19.990166,-102.719196
1290,XECCBU,Salvatierra,Guanajuato,Mexico,"Salvatierra, Guanajuato, Mexico",20.192655,-100.865993
1296,Radio XL,Birmingham,DX,England,"Birmingham, England",52.479699,-1.902691
1296,Cope Valencia,Valencia,DX,Spain,"Valencia, Spain",39.469707,-0.376335
1300,XEP,Ciudad Juarez,Chihuahua,Mexico,"Ciudad Juarez, Mexico",31.69,-106.42
1300,XEXV,San Francisco del Rincon,Guanajuato,Mexico,"San Francisco del Rincon, Guanajuato, Mexico",21.016668,-101.854624
1300,XECPAD,Xalapa,Veracruz,Mexico,"Xalapa, Veracruz, Mexico",19.540834,-96.914637
1305,Premier Christian Radio,London,DX,England,"London, United Kingdom",51.507446,-0.127765
1305,RNE Radio 5,Ourense,DX,Spain,"Ourense, Spain",42.193963,-7.537124
1310,CIWW,Ottawa,ON,Canada,"Ottawa, ON, Canada",45.420878,-75.690111
1310,HJAK,Barranquilla,DX,Colombia,"Barranquilla, Colombia",11.010192,-74.823179
1310,Radio Enciclopedia (1310),Nueva Gerona,DX,Cuba,"Nueva Gerona, Cuba",21.884696,-82.803841
1310,XETIA,Guadalajara,Jalisco,Mexico,"Guadalajara, Mexico",20.659698,-103.349609
1310,XEAM,Matamoros,Tamaulipas,Mexico,"Matamoros, Mexico",25.869028,-97.502739
1310,XEVB,Monterrey,Nuevo Leon,Mexico,"Monterrey, Mexico",25.686613,-100.316116
1310,XEQRMD,Queretaro,Querétaro,Mexico,"Queretaro, Querétaro, Mexico",20.5923,-100.391742
1310,XEC,Tijuana,Baja California,Mexico,"Tijuana, Baja California, Mexico",32.53174,-117.019529
1320,CJMB,Mississauga,ON,Canada,"Mississauga, ON, Canada",43.588473,-79.643658
1320,CJMR,Oakville,ON,Canada,"Oakville, ON, Canada",43.447436,-79.666672
1320,CHMB,Vancouver,BC,Canada,"Vancouver, BC, Canada",49.260872,-123.113952
1320,Radio Artemisa (1320),Havana,DX,Cuba,"Havana, Cuba",23.135305,-82.358963
1320,XEARZ,Mexico City,Ciudad Mexico,Mexico,"Mexico City, Ciudad Mexico, Mexico",19.43263,-99.133178
1323,SRR Marosvasarhelyi Radio,Targu Mures,DX,Romania,"Targu Mures, Romania",46.544625,24.561196
1330,CJYM,Rosetown,SK,Canada,"Rosetown, SK, Canada",51.554815,-107.991286
1340,CINL,Ashcroft,BC,Canada,"Ashcroft, BC, Canada",50.721241,-121.283544
1340,Radio Divina,Vina Del Mar,DX,Chile,"Vina Del Mar, Chile",-33.024453,-71.551764
1340,XEDKT,Guadalajara,Jalisco,Mexico,"Guadalajara, Mexico",20.659698,-103.349609
1340,XENV,Monterrey,Nuevo Leon,Mexico,"Monterrey, Mexico",25.686613,-100.316116
1340,XECR,Morelia,Michoacán,Mexico,"Morelia, Michoacán, Mexico",19.6546,-101.26238
1350,LS6 - Radio Buenos Aires,Malvinas Argantinas,DX,Argentina,"Radio Buenos Aires, Malvinas Argantinas, Argentina",-34.996496,-64.967282
1350,CIRF,Brampton,ON,Canada,"Brampton, ON, Canada",43.685832,-79.759937
1350,CBKY,Kelowna,BC,Canada,"Kelowna, BC, Canada",49.887918,-119.495902
1350,CKAD,Middleton,NS,Canada,"Middleton, NS, Canada",44.942431,-65.068075
1350,XECTZ,Cuetzalan,Puebla,Mexico,"Cuetzalan, Puebla, Mexico",20.018611,-97.521111
1350,XEQK,Mexico City,Ciudad Mexico,Mexico,"Mexico City, Ciudad Mexico, Mexico",19.43263,-99.133178
1359,Dimtsi Woyane Tigray,Mekelle,DX,Ethiopia,"Dimtsi Woyane Tigray, Mekelle, Ethiopia",13.49404,39.46049
1360,XEDI,Chihuahua,Chihuahua,Mexico,"Chihuahua, Chihuahua, Mexico",28.636867,-106.076745
1360,XEZON,Zongolica,Veracruz,Mexico,"Zongolica, Veracruz, Mexico",18.651829,-96.94575
1360,OBM2A - Radio Capuli,Julcan,DX,Peru,"Radio Capuli, Julcan, Peru",-6.86997,-75.045851
1360,Radio Sicuani,Sicuani,DX,Peru,"Sicuani, Peru",-14.272929,-71.226532
1368,Manx Radio AM,"Douglas, Isle of Man",DX,United Kingdom,"Douglas, Isle of Man, United Kingdom",54.702354,-3.276575
1370,XEPJ,Guadalajara,Jalisco,Mexico,"Guadalajara, Mexico",20.659698,-103.349609
1370,XECCBI,Huamantla,Tlaxcala,Mexico,"Huamantla, Tlaxcala, Mexico",19.323332,-97.914567
1370,XEHG,Mexicali,Baja California,Mexico,"Mexicali, Baja California, Mexico",32.624531,-115.452604
1377,CNR,Xingyang,DX,China,"CNR1, Xingyang, China",35.000074,104.999927
1377,Radio Free Africa,Mwanza,DX,Tanzania,"Mwanza, Tanzania",-2.519691,32.901442
1380,CKPC,Brantford,ON,Canada,"Brantford, ON, Canada",43.140816,-80.263173
1380,XECO,Mexico City,Ciudad Mexico,Mexico,"Mexico City, Ciudad Mexico, Mexico",19.43263,-99.133178
1380,OAX2W - Radio Campesina,Cajamarca,DX,Peru,"Cajamarca, Peru",-6.25,-78.833333
1390,YSJU,La Union,DX,El Salvador,"La Union, El Salvador",13.33694,-87.84389
1390,XECTAM,Cuautla,Morelos,Mexico,"Cuautla, Morelos, Mexico",18.815016,-98.973617
1390,XEOR,Reynosa,Tamaulipas,Mexico,"Reynosa, Tamaulipas, Mexico",26.092837,-98.27795
1390,XEKT,Tecate,Baja California,Mexico,"Tecate, Baja California, Mexico",32.565383,-116.629879
1400,Cumbre AM,Neuquen,DX,Argentina,"Neuquen, Argentina",-38.850255,-69.832275
1400,ZYJ462 - Radio Difusora Acreana,Rio Branco,DX,Brazil,"Radio Difusora Acreana, Rio Branco, Brazil",-9.976003,-67.810903
1400,CBG,Gander,NL,Canada,"Gander, NL, Canada",48.959229,-54.618788
1400,CIOR,Princeton,BC,Canada,"Princeton, BC, Canada",49.460459,-120.507973
1400,Harbour Light Of The Windwards,Carriacou,DX,Grenada,"Carriacou, Grenada",12.482999,-61.444844
1400,XESH,Sabinas Hidalgo,Nuevo Leon,Mexico,"Sabinas Hidalgo, Nuevo Leon, Mexico",26.574924,-100.15503
1400,XEMR,San Nicolas de los Garza,DX,Mexico,"San Nicolas de los Garza, Mexico",25.755802,-100.289648
1410,CJWI,Montreal,QC,Canada,"Montreal, Canada",45.50888,-73.561668
1410,XECF,Los Mochis,Sinaloa,Mexico,"Los Mochis, Sinaloa, Mexico",25.792806,-108.990188
1410,XEBS,Mexico City,Ciudad Mexico,Mexico,"Mexico City, Ciudad Mexico, Mexico",19.43263,-99.133178
1413,"JOIF, KBC Kyushu Asahi Hoso",Fukuoka,DX,Japan,"Fukuoka, Japan",33.625124,130.618002
1413,BBC World Service,A'Seela,DX,Oman,"A'Seela, Oman",21.92505,59.620511
1420,XEF,Ciudad Juarez,Chihuahua,Mexico,"Ciudad Juarez, Mexico",31.69,-106.42
1420,XEEW,Matamoros,Tamaulipas,Mexico,"Matamoros, Mexico",25.869028,-97.502739
1420,XEH,Monterrey,Nuevo Leon,Mexico,"Monterrey, Mexico",25.686613,-100.316116
1420,XEXX,Tijuana,Baja California,Mexico,"Tijuana, Baja California, Mexico",32.53174,-117.019529
1422,Radio Culture,Alger,DX,Algeria,"Alger, Algeria",36.772933,3.058845
1430,CHKT,Toronto,ON,Canada,"Toronto, Canada",43.6532,-79.3832
1430,HJKU,Bogotá,DX,Colombia,"Bogota, Colombia",4.653382,-74.083633
1430,HIBQ 79 - Radio Emmanuel,Santiago De Los Caballeros,DX,Dominican Republic,"Santiago De Los Caballeros, Dominican Republic",19.450393,-70.690905
1430,XETT,Tlaxcala,Tlaxcala,Mexico,"Tlaxcala, Tlaxcala, Mexico",19.31671,-98.238614
1430,OAZ7M - RPP Noticias,Cusco,DX,Peru,"RPP Noticias, Cusco, Peru",-6.86997,-75.045851
1431,Voice of America,Doraleh,DX,Djbouti,"Doraleh, Djbouti",11.59,43.095
1431,"LPAM - Radio Redhil,","Redhill Hospital, Surrey",DX,United Kingdom,"Radio Redhil, Redhill Hospital, Surrey, United Kingdom",54.702354,-3.276575
1440,CKJR,Wetaskiwin,AB,Canada,"Wetaskiwin, AB, Canada",52.968492,-113.36792
1440,Radio 208,København/Ishøj,DX,Denmark,"København/Ishøj, Denmark",55.629328,12.326464
1440,Radio Kiribati,Tarawa,DX,Kiribati,"Tarawa, Kiribati",1.484554,172.968965
1440,XEEST,Mexico City,Ciudad Mexico,Mexico,"Mexico City, Ciudad Mexico, Mexico",19.43263,-99.133178
1440,YNRM,Managua,DX,Nicaragua,"Managua, Nicaragua",12.154712,-86.273725
1440,OAX4K,Lima,DX,Peru,"Lima, Peru",-12.187501,-76.944751
1449,Dhivehi Raajjeyge Adu (Voice of the Maldives),Thilafushi Is.,DX,Maldive Islands,"Thilafushi Is., Maldive Islands",4.604222,73.580528
1449,RNZ National,Palmerston North/Kairanga,DX,New Zealand,"Palmerston North/Kairanga, New Zealand",-41.500083,172.834408
1449,SBA R Riyadh,Riyadh,DX,Saudi Arabia,"Riyadh, Saudi Arabia",23.333333,45.333333
1450,CHEF,Montreal,QC,Canada,"Montreal, Canada",45.50888,-73.561668
1450,CHOU,Montreal,QC,Canada,"Montreal, Canada",45.50888,-73.561668
1450,CFAB,Windsor,NS,Canada,"Windsor, NS, Canada",44.990511,-64.136375
1450,Radio Mayabeque (1450),Mayabeque,DX,Cuba,"Mayabeque, Cuba",22.829273,-82.073554
1450,XERY,Arcelia,Guerrero,Mexico,"Arcelia, Guerrero, Mexico",18.253699,-100.193907
1450,XERNB,Sahuayo,Michoacán,Mexico,"Sahuayo, Michoacán, Mexico",20.048133,-102.782164
1458,Fuxing Broadcasting Station,Kaohsiung,DX,Taiwan,"Kaohsiung, Taiwan",22.620335,120.312038
1458,LYCA RADIO,LONDON,DX,United Kingdom,"LONDON, United Kingdom",51.507446,-0.127765
1460,CJOY,Guelph,ON,Canada,"Guelph, ON, Canada",43.546052,-80.249328
1460,XEYC,Ciudad Juárez,Chihuahua,Mexico,"Ciudad Juárez, Chihuahua, Mexico",31.690798,-106.425321
1460,XECB,"San Luis Rio Colorado, Sonora",Sonora,Mexico,"San Luis Rio Colorado, Sonora, Sonora, Mexico",32.439331,-114.772086
1467,TWR Europe,Roumoules,DX,France,"Roumoules, France",43.825839,6.129886
1467,"HLKN, KBS Network 1",Mokpo-Yeongam,DX,Korea,"Mokpo-Yeongam, Korea",34.758623,126.380506
1470,XEAI,Mexico City,Ciudad Mexico,Mexico,"Mexico City, Ciudad Mexico, Mexico",19.43263,-99.133178
1470,XERCN,Tijuana,Baja California,Mexico,"Tijuana, Baja California, Mexico",32.53174,-117.019529
1470,"OAU4B, Oxígeno Classics",Lima,DX,Peru,"Lima, Peru",-12.045981,-77.030591
1470,OAU6E - Radio Victoria,Arequipa,DX,Peru,"Radio Victoria, Arequipa, Peru",-16.402494,-71.532128
1470,WKUM,Orocovis,PR,Puerto Rico,"Orocovis, PR, Puerto Rico",18.220601,-66.434561
1476,Museumsradio,Bad Ischl,DX,Austria,"Bad Ischl, Austria",47.71153,13.623933
1476,Trans World Radio,Parakou,DX,Benin,"Trans World Radio, Parakou, Benin",9.529347,2.258441
1476,Sport Nation,Auckland,DX,New Zealand,"Auckland, New Zealand",-36.852095,174.76318
1476,Radio Keralam,Ras al-Khaimah,DX,UAE,"Radio Keralam, Ras al-Khaimah, UAE",24.000249,53.999483
1480,Radio Bendita,Trinidad,DX,Bolivia,"TRINIDAD, BOLIVIA",-14.834944,-64.904494
1480,XEVIC,Ciudad Victoria,Tamaulipas,Mexico,"Ciudad Victoria, Tamaulipas, Mexico",23.738985,-99.144135
1480,XEZJ,Guadalajara,Jalisco,Mexico,"Guadalajara, Mexico",20.659698,-103.349609
1480,XETKR,Guadalupe,Nuevo Leon,Mexico,"Guadalupe, Nuevo Leon, Mexico",25.675111,-100.215175
1480,XECARH,Ixmiquilpan,Hidalgo,Mexico,"Ixmiquilpan, Hidalgo, Mexico",20.481944,-99.218056
1480,OAZ7G - Radio Espinar,Espinar,DX,Peru,"Radio Espinar, Espinar, Peru",-6.86997,-75.045851
1480,OCX2C - Radio Otifer,Carabamba,DX,Peru,"Radio Otifer, Carabamba, Peru",-6.86997,-75.045851
1480,Radio Espinar,Yauri,DX,Peru,"Yauri, Peru",-14.793008,-71.412802
1480,WMDD,Fajardo,PR,Puerto Rico,"Fajardo, PR, Puerto Rico",18.327803,-65.656183
1490,CJSN,Shaunovan,SK,Canada,"Shaunovan, SK, Canada",61.066692,-107.991707
1490,Radio Universidad,Vina del Mar,DX,Chile,"Vina del Mar, Chile",-33.024453,-71.551764
1490,HC0171 - Radio Santa Maria,Azogues,DX,Ecuador,"Radio Santa Maria, Azogues, Ecuador",-1.339767,-79.366697
1490,XECJC,Cuidad Juarez,Chihuahua,Mexico,"Cuidad Juarez, Chihuahua, Mexico",23.658512,-102.00771
1490,XEYTM,Teocelo,Veracruz,Mexico,"Teocelo, Veracruz, Mexico",19.37322,-96.955016
1494,DWAR Abante Radyo,Valenzuela - Caloong,DX,Philippines,"Valenzuela - Caloong, Philippines",12.750349,122.73121
1500,XEFL,Guanajuato,Guanajuato,Mexico,"Guanajuato, Guanajuato, Mexico",21.015885,-101.25284
1500,XEDF,Mexico City,Ciudad Mexico,Mexico,"Mexico City, Ciudad Mexico, Mexico",19.43263,-99.133178
1500,OBX4I - Radio Santa Rosa,Lima,DX,Peru,"Lima, Peru",-12.015047,-77.097324
1500,Radio 2000,Cumana,DX,Venezuela,"Cumana, Venezuela",10.449571,-64.157805
1500,YVRZ,Cumana,DX,Venezuela,"Cumana, Venezuela",10.449571,-64.157805
1503,CHIN,Toronto,ON,Canada,"Toronto, Canada",43.6532,-79.3832
1503,Holy Koran Radio,El Arish,DX,Egypt,"El Arish, Egypt",31.123641,33.798352
1503,Gold Sport,Wellington,DX,New Zealand,"Wellington, New Zealand",-41.288795,174.777211
1510,ZYK770,Salto,DX,Brazil,"Salto, Brazil",-23.198998,-47.291368
1510,ZYH608,Sao Benedito,DX,Brazil,"Sao Benedito, Brazil",-4.048435,-40.864601
1510,HC0034 - Radio Monumental,Quito,DX,Ecuador,"Quito, Ecuador",-0.220164,-78.512327
1510,TGDX,Ciudad de Guatemala,DX,Guatemala,"Ciudad de Guatemala, Guatemala",14.641614,-90.513284
1510,XEPBGR,Guadalajara,Jalisco,Mexico,"Guadalajara, Mexico",20.659698,-103.349609
1510,WBSG,Lajas,DX,Puerto Rico,"Lajas, Puerto Rico",18.006141,-67.035185
1512,Radio Ardabil,Ardabil,DX,Iran,"Ardabil, Iran",38.458398,47.9313
1520,ZYJ931,Tobias Barreto,DX,Brazil,"Tobias Barreto, Brazil",-11.187872,-38.00304
1520,HJLQ,Barranquilla,DX,Colombia,"Baranquilla, Colombia",10.997734,-74.791148
1520,XEDF,Mexico City,Estado de México,Mexico,"Mexico City, Mexico",19.4326,-99.1332
1520,XEEH,San Luis Rio Colorado,Sonora,Mexico,"San Luis Rio Colorado, Sonora, Mexico",32.439331,-114.772086
1521,"China Radio Internationsl, Russian Service",Hutubi,DX,China,"Hutubi, China",44.364657,86.779052
1521,SER,Castello,DX,Spain,"Castello, Spain",40.251857,-0.061505
1530,XEUR,Mexico City,Ciudad Mexico,Mexico,"Mexico City, Ciudad Mexico, Mexico",19.43263,-99.133178
1530,XESD,Silao,Guanajuato,Mexico,"Silao, Guanajuato, Mexico",20.943245,-101.429195
1530,Radio Romania,Nufăru,DX,Romania,"Nufăru, Romania",45.1485,-28.9253
1530,Voice of America,São Tomé and Príncipe,DX,Sao Tome & Principe,"São Tomé and Príncipe, Sao Tome & Principe",0.326412,6.730094
1530,Greatest Hits of All Time,Huddersfield,DX,United Kingdom,"Huddersfield, United Kingdom",53.646664,-1.782248
1539,CHIN,Toronto Island,ON,Canada,"Toronto Island, ON, Canada",43.631263,-79.356793
1539,CNR,Golmud,DX,China,"CNR1, Golmud, China",35.000074,104.999927
1540,ZNS1,Nassau,DX,Bahamas,"Nassau, Bahamas",25.078227,-77.338344
1540,"CP.. - Radio Bendita Trinidad,",El Alto,DX,Bolivia,"Radio Bendita Trinidad, El Alto, Bolivia",-17.05687,-64.991229
1540,Radio Deus e Amor,Rio Preto,DX,Brazil,"Rio Preto, Brazil",-20.812585,-49.380421
1540,XESTN,Monterrey,Nuevo Leon,Mexico,"Monterrey, Mexico",25.686613,-100.316116
1548,Islamic Republick of Iran Broadcasting - R Khavaran,Ferdows,DX,Iran,"Ferdows, Iran",34.018766,58.171768
1548,"Voice of America, Kuwait",Al-Kuwayt-Umm al-Rimam,DX,Kuwait,"Al-Kuwayt-Umm al-Rimam, Kuwait",29.273396,47.497948
1548,Trans World Radio,Grigoriopol,DX,Moldova,"Grigoriopol, Moldova",47.147154,29.293959
1548,Gold,London,DX,United Kingdom,"London, United Kingdom",51.507446,-0.127765
1550,Radio Nacional de la RASD,Rabouni,DX,Algeria,"Rabouni, Algeria",27.476444,-8.089212
1550,National Radio of the Sahrawi Arab Democratic Republic,Tindouf,DX,Algeria,"Tindouf, Algeria",27.672182,-8.140416
1550,Radio Caranavi,Caranavi,DX,Bolivia,"Caranavi, Bolivia",-15.694619,-67.39207
1550,CP115,Caranavi,DX,Bolivia,"Radio Caranavi, Caranavi, Bolivia",-17.05687,-64.991229
1550,CBEF - Radio Caranavi,Windsor,ON,Canada,"Windsor, Canada",42.317432,-83.026772
1550,Radio Rebelde (1550),Santa Clara,DX,Cuba,"Santa Clara, Cuba",22.40694,-79.96472
1550,XEBG,Tijuana,Baja California,Mexico,"Tijuana, Baja California, Mexico",32.53174,-117.019529
1557,Radio Lenta,Kaunas-Sitkunai,DX,Lithuania,"Kaunas-Sitkunai, Lithuania",55.35,23.75
1557,Gold Sport,Hawera,DX,New Zealand,"Hawera, New Zealand",-39.589346,174.283721
1557,Radio Taiwan Int'l,Kouhu,DX,Taiwan,"Kouhu, Taiwan",22.9525,120.465556
1560,CP.. - Radio Luz Del Mundo,La Paz,DX,Bolivia,"Radio Luz Del Mundo, La Paz, Bolivia",-17.05687,-64.991229
1560,HJXZ,Medellín,DX,Colombia,"Santa Maria de la Paz, Medellin, Colombia",4.099917,-72.908813
1560,XEJPV,Ciudad Juarez,Chihuahua,Mexico,"Ciudad Juarez, Mexico",31.69,-106.42
1566,"HLAZ, FEBC Korea",Jeju,DX,South Korea,"Jeju, South Korea",33.488774,126.498708
1570,CJLV,Laval,QC,Canada,"Laval, QC, Canada",45.557113,-73.721178
1570,TGVE,Ciudad de Guatemala,DX,Guatemala,"Ciudad de Guatemala, Guatemala",14.641614,-90.513284
1570,XERF,Ciudad Acuna,Coahuila,Mexico,"Ciudad Acuna, Coahuila, Mexico",29.321434,-100.959501
1575,Voice of America,Ban Phachi,DX,Thailand,"Ban Phachi, Thailand",14.450557,100.720772
1580,CKDO,Oshawa,ON,Canada,"Oshawa, ON, Canada",43.897556,-78.863532
1580,HJQT,Bogotá,DX,Colombia,"Bogota, Colombia",4.653382,-74.083633
1590,XEVOZ,Los Reyes Acaquilpan,Estado de México,Mexico,"Los Reyes Acaquilpan, Estado de México, Mexico",19.35851,-98.976073
1590,XECCBB,San Francisco del Rincon,Guanajuato,Mexico,"San Francisco del Rincon, Guanajuato, Mexico",21.016668,-101.854624
1593,CNR1,Changzhou,DX,China,"Changzhou, China",31.812262,119.969154
1600,XEGEM,Metepec,Estado de México,Mexico,"Metepec, Estado de México, Mexico",19.251134,-99.593728
1602,NHK 2,Onomichi,DX,Japan,"Onomichi, Japan",34.408852,133.205155
1610,CHRN,Montreal,ON,Canada,"Montreal, ON, Canada",45.451066,-75.583861
1610,CHHA,Toronto,DX,Canada,"Toronto, Canada",43.653482,-79.383935
1620,Radio Bayamo (1620),Bayamo,DX,Cuba,"Bayamo, Cuba",20.373414,-76.649424
1620,Radio Rebelde (1620),La Habana,DX,Cuba,"La Habana, Cuba",23.135305,-82.358963
1620,WDHP,Frederiksted,DX,US Virgin Islands,"Frederiksted, US Virgin Islands",17.711866,-64.881307
1630,YSGS,San Salvador,DX,El Salvador,"San Salvador, El Salvador",13.697629,-89.191156
1630,XEUT,Tijuana,Baja California,Mexico,"Tijuana, Baja California, Mexico",32.53174,-117.019529
1650,CINA,Mississauga,ON,Canada,"Mississauga, ON, Canada",43.588473,-79.643658
1650,CKZW,Montreal,QC,Canada,"Montreal, Canada",45.50888,-73.561668
1660,WGIT,Canovanas,DX,Puerto Rico,"Canovanas, Puerto Rico",18.333007,-65.887296
1670,CJEU,Gatineau,QC,Canada,"Gatineau, QC, Canada",45.427766,-75.710976
1670,XEANAH,Huixquilucan,Estado de México,Mexico,"Huixquilucan, Estado de México, Mexico",19.370184,-99.358157
1670,XEFCR,Reynosa,Tamaulipas,Mexico,"Reynosa, Tamaulipas, Mexico",26.092837,-98.27795
1690,CJLO,Montreal,QC,Canada,"Montreal, Canada",45.50888,-73.561668
1690,CHTO,Toronto,ON,Canada,"Toronto, Canada",43.6532,-79.3832
1690,CHTO,Toronto,ON,Canada,"Toronto, Canada",43.6532,-79.3832
1700,XEPE,Tijuana,Baja California,Mexico,"Tijuana, Baja California, Mexico",32.53174,-117.019529