callsign,frequency,site,state,county_state,latitude,longitude,county,county_label,county_geoid
,,,AK,,,,,,
KAD93,162.525,H Street - Blaine Area,WA,WA,48.996278,-122.649167,Whatcom,Whatcom County,53073
KAD94,162.450,Turtleback Dome,CA,CA,37.712778,-119.704722,Mariposa,Mariposa County,06043
KAD95,162.450,Ryegate,MT,MT,46.283333,-109.162778,Golden Valley,Golden Valley County,30037
KAD96,162.500,Manleyville,AK,AK,57.105556,-134.816944,Sitka,Sitka City and Borough,02220
KAE42,162.500,New Kent County,VA,VA,37.4906,-77.0569,New Kent,New Kent County,51127
KBA99,162.550,Mt. Kaala,HI,HI,21.508442,-158.147742,Honolulu,Honolulu County,15003
KBS508,162.525,Parishville,NY,NY,44.598333,-74.776944,St. Lawrence,St. Lawrence County,36089
KC2XBZ,162.500,Gresham,WI,WI,44.8167,-88.8181,Shawano,Shawano County,55115
KDO89,162.550,Shrewsbury,IL,MO,38.580583,-90.32925,St. Louis,St. Louis County,29189
KDO94,162.400,Akron,OH,OH,41.0644,-81.5833,Summit,Summit County,39153
KDO95,162.550,Blackstrap Hill,ME,ME,43.7625,-70.325,Cumberland,Cumberland County,23005
KDX54,162.500,N. San Francisco Bay,CA,CA,38.059722,-122.605556,Marin,Marin County,06041
KE2XKP,162.525,Tomah,WI,WI,43.8956,-90.585,Monroe,Monroe County,55081
KEB97,162.400,Lake City,FL,FL,30.1939,-82.6347,Columbia,Columbia County,12023
KEB98,162.550,North Boston,NY,NY,42.636944,-78.768056,Erie,Erie County,36029
KEC38,162.450,Seminole,FL,FL,27.848056,-82.763333,Pinellas,Pinellas County,12103
KEC39,162.525,Cambridge,KS,NE,40.183167,-100.100667,Furnas,Furnas County,31065
KEC42,162.400,Blanton Heights,OR,OR,44.002472,-123.116278,Lane,Lane County,41039
KEC43,162.550,Anchorage,AK,AK,61.157038,-149.98741,Anchorage,Anchorage Municipality,02020
KEC49,162.550,Mt. Umunhum,CA,CA,37.155,-121.8983,Santa Clara,Santa Clara County,06085
KEC50,162.475,Mangonia Park,FL,FL,26.749722,-80.0675,Palm Beach,Palm Beach County,12099
KEC55,162.550,Crowley,TX,TX,32.536694,-97.413,Johnson,Johnson County,48251
KEC56,162.400,Dallas,TX,TX,32.901278,-96.6872,Dallas,Dallas County,48113
KEC57,162.550,Fairplay,CA,CA,38.5806,-120.615,El Dorado,El Dorado County,06017
KEC58,162.400,Erie,NY,PA,42.063972,-80.005444,Erie,Erie County,42049
KEC59,162.550,Wichita,KS,KS,37.750611,-97.303667,Sedgwick,Sedgwick County,20173
KEC60,162.400,Delafield,WI,WI,43.028272,-88.392525,Waukesha,Waukesha County,55133
KEC61,162.550,Mobile,AL,AL,30.659444,-87.8925,Baldwin,Baldwin County,01003
KEC62,162.400,Mt. Woodson,CA,CA,33.0089,-116.972194,San Diego,San Diego County,06073
KEC63,162.550,Southfield,MI,MI,42.483056,-83.205556,Oakland,Oakland County,26125
KEC65,162.550,Minneapolis,MN,MN,44.968944,-93.207833,Hennepin,Hennepin County,27053
KEC73,162.550,Camp Edwards,MA,MA,41.707729,-70.564406,Barnstable,Barnstable County,25001
KEC74,162.550,Indianapolis,IN,IN,39.7675,-86.0025,Marion,Marion County,18097
KEC76,162.550,Glendale,CO,CO,39.692087,-104.936663,Denver,Denver County,08031
KEC77,162.400,Wathena,KS,KS,39.709639,-95.0425,Doniphan,Doniphan County,20043
KEC78,162.550,Bacchus,UT,UT,40.6272,-112.0572,Salt Lake,Salt Lake County,49035
KEC80,162.550,Stone Mtn.,GA,GA,33.80525,-84.144333,DeKalb,DeKalb County,13089
KEC81,162.550,Spring Creek,AK,AK,60.089345,-149.352763,Kenai Peninsula,Kenai Peninsula Borough,02122
KEC82,162.400,Mt. Pierce,CA,CA,40.4175,-124.119167,Humboldt,Humboldt County,06023
KEC83,162.400,Pikesville,DC,MD,39.386349,-76.730772,Baltimore,Baltimore County,24005
KEC84,162.400,Glenburnie Garden,NC,NC,35.1344,-77.0631,Craven,Craven County,37049
KEC85,162.400,Ridgeland,GA,SC,32.3289,-80.9378,Jasper,Jasper County,45053
KEC86,162.400,Milton,AL,FL,30.588611,-87.070556,Santa Rosa,Santa Rosa County,12113
KEC91,162.400,Naselle Ridge,OR,WA,46.4214,-123.796056,Pacific,Pacific County,53049
KEC92,162.475,Delmar,DE,DE,38.504444,-75.643056,Sussex,Sussex County,10005
KEC93,162.400,Ellsworth,ME,ME,44.545833,-68.511944,Hancock,Hancock County,23009
KEC94,162.550,South Mtn.,AZ,AZ,33.332778,-112.066944,Maricopa,Maricopa County,04013
KEC95,162.400,Conway/Myrtle Beach,NC,SC,33.950722,-79.108459,Horry,Horry County,45051
KGG67,162.550,Courtney Point,FL,FL,30.1472,-85.7128,Bay,Bay County,12005
KGG68,162.400,Tomball,TX,TX,30.0964,-95.6564,Harris,Harris County,48201
KGG86,162.475,Fountain Hill,AR,AR,33.3894,-91.853889,Ashley,Ashley County,05003
KGG94,162.425,Poplar,MT,MT,48.290556,-105.251944,Roosevelt,Roosevelt County,30085
KGG95,162.425,Fountain City,MN,WI,44.0739,-91.5775,Buffalo,Buffalo County,55011
KGG97,162.500,Courthouse,MT,MT,45.679722,-111.041667,Gallatin,Gallatin County,30031
KGG98,162.425,Waverly,KS,KS,38.335,-95.6744,Coffey,Coffey County,20031
KGG99,162.425,Lexington,NE,NE,40.695028,-99.817389,Gosper,Gosper County,31073
KHA35,162.525,Orangeburg,SC,SC,33.543083,-80.824229,Orangeburg,Orangeburg County,45075
KHA46,162.450,Hollow Rock,KY,TN,36.137194,-88.261,Carroll,Carroll County,47017
KHA47,162.450,Baraboo,WI,WI,43.427778,-89.653889,Sauk,Sauk County,55111
KHA53,162.400,Fairport,NY,NY,43.036111,-77.423333,Monroe,Monroe County,36055
KHA55,162.525,Oshkosh (Ag.),NE,NE,41.340278,-102.399167,Garden,Garden County,31069
KHA99,162.425,Muenster,OK,TX,33.64997,-97.339722,Cooke,Cooke County,48097
KHB29,162.550,Awendaw,SC,SC,32.9244,-79.699444,Charleston,Charleston County,45019
KHB30,162.475,Harney,OR,OR,43.572639,-119.131528,Harney,Harney County,41025
KHB31,162.550,Winnabow,NC,NC,34.1316,-78.187778,Brunswick,Brunswick County,37019
KHB32,162.550,Ruskin,FL,FL,27.842533,-82.262472,Hillsborough,Hillsborough County,12057
KHB33,162.400,Pharr,TX,TX,26.211222,-98.18875,Hidalgo,Hidalgo County,48215
KHB34,162.550,Miami/Andover,FL,FL,25.967861,-80.209333,Miami-Dade,Miami-Dade County,12086
KHB35,162.475,Great Blue Hill,MA,MA,42.211928,-71.113649,Norfolk,Norfolk County,25021
KHB36,162.550,Independent Hill,DC,VA,38.628722,-77.438833,Prince William,Prince William County,51153
KHB37,162.550,Driver,NC,VA,36.815556,-76.466667,Suffolk,Suffolk city,51800
KHB38,162.400,Atlantic City,NJ,NJ,39.37895,-74.447744,Atlantic,Atlantic County,34001
KHB39,162.550,Jacksonville,FL,FL,30.2761,-81.5647,Duval,Duval County,12031
KHB40,162.550,Galveston,TX,TX,29.293528,-94.833472,Galveston,Galveston County,48167
KHB41,162.550,Rockport,TX,TX,28.00513,-97.09667,Aransas,Aransas County,48007
KHB42,162.400,Westlake,LA,LA,30.221222,-93.3114,Calcasieu,Calcasieu Parish,22019
KHB43,162.550,New Orleans,LA,LA,29.95287,-90.06717,Orleans,Orleans Parish,22071
KHB46,162.400,Baker,LA,LA,30.44325,-91.18197,East Baton Rouge,East Baton Rouge Parish,22033
KHB47,162.550,Uncasville,CT,CT,41.440833,-72.141389,Southeastern Connecticut,Southeastern Connecticut Planning Region,09180
KHB49,162.400,Mount Pise,CA,CA,37.450556,-122.338333,San Mateo,San Mateo County,06081
KHB52,162.500,Wayne CO Courthouse,IN,IN,39.8283,-84.8975,Wayne,Wayne County,18177
KHB53,162.500,Brockway,MT,MT,47.306111,-106.914444,Garfield,Garfield County,30033
KHB54,162.550,Milo,ME,ME,45.247591,-69.01068,Piscataquis,Piscataquis County,23021
KHB55,162.475,Frenchville,ME,ME,47.286944,-68.314167,Aroostook,Aroostook County,23003
KHB59,162.550,Chesterland,OH,OH,41.522778,-81.328611,Geauga,Geauga County,39055
KHB60,162.550,Cougar Mtn.,WA,WA,47.5436,-122.108694,King,King County,53033
KHB97,162.400,Bellevue,OH,OH,41.238611,-82.837694,Huron,Huron County,39077
KHC26,162.550,Linsay,MT,MT,47.276944,-105.391667,Dawson,Dawson County,30021
KHC27,162.425,York,NC,SC,34.839722,-81.018333,York,York County,45091
KHC28,162.425,Greenwood County,GA,SC,33.9975,-82.051944,Greenwood,Greenwood County,45047
KHC29,162.500,Barnwell,GA,SC,33.187679,-81.397073,Barnwell,Barnwell County,45011
KHC47,162.425,Meddybemps,ME,ME,45.028889,-67.322778,Washington,Washington County,23029
KHC49,162.525,Barnes Hill,NY,NY,42.511389,-75.468056,Chenango,Chenango County,36017
KID77,162.550,Independence,KS,MO,39.0905,-94.472,Jackson,Jackson County,29095
KIG60,162.400,Mt. Mansfield,NY,VT,44.526667,-72.815833,Lamoille,Lamoille County,50015
KIG64,162.550,Arnold Site,MN,MN,46.786944,-92.114444,St. Louis,St. Louis County,27137
KIG65,162.550,De Pere,WI,WI,44.409722,-88.001389,Brown,Brown County,55009
KIG66,162.550,Negaunee,MI,MI,46.514167,-87.481667,Marquette,Marquette County,26103
KIG74,162.550,Dafter,MI,MI,46.377042,-84.425094,Chippewa,Chippewa County,26033
KIG75,162.550,Ahtanum Ridge,WA,WA,46.6405,-120.39725,Yakima,Yakima County,53077
KIG76,162.550,Haubstadt,IL,IN,38.18,-87.486944,Gibson,Gibson County,18051
KIG77,162.475,Middletown,NC,NC,35.2458,-75.5339,Dare,Dare County,37055
KIG78,162.400,Riverside County,CA,CA,33.654889,-115.990222,Riverside,Riverside County,06065
KIG79,162.550,Nashville,TN,TN,36.164083,-86.78475,Davidson,Davidson County,47037
KIG83,162.550,Herron,MI,MI,45.062833,-83.717306,Alpena,Alpena County,26007
KIG86,162.550,Columbus,OH,OH,39.9631,-82.9994,Franklin,Franklin County,39049
KIG98,162.550,Goat Mtn.,OR,OR,45.131167,-122.291472,Clackamas,Clackamas County,41005
KIH20,162.400,Huntsville,AL,AL,34.737778,-86.533889,Madison,Madison County,01089
KIH21,162.400,Gulfport,MS,MS,30.38433,-89.09583,Harrison,Harrison County,28047
KIH22,162.400,Traverse City,MI,MI,44.760442,-85.682994,Grand Traverse,Grand Traverse County,26055
KIH23,162.475,Morgan City,LA,LA,29.75436,-91.17377,St. Martin,St. Martin Parish,22099
KIH24,162.400,Tallahassee,FL,FL,30.566667,-84.043889,Leon,Leon County,12073
KIH26,162.400,Bumcombe Hill,FL,FL,29.1737,-81.157,Volusia,Volusia County,12127
KIH27,162.550,Coweta,OK,OK,36.021083,-95.656278,Wagoner,Wagoner County,40145
KIH28,162.475,Philadelphia,DE,PA,39.9517,-75.160833,Philadelphia,Philadelphia County,42101
KIH29,162.475,Clio,MI,MI,43.216944,-83.721389,Genesee,Genesee County,26049
KIH30,162.550,Cold Springs Peak,CA,CA,39.022222,-123.521389,Mendocino,Mendocino County,06045
KIH31,162.550,Cuesta Peak/Santa Margarita,CA,CA,35.360694,-120.656972,San Luis Obispo,San Luis Obispo County,06079
KIH32,162.400,Noah Butte,OR,OR,43.390556,-124.131458,Coos,Coos County,41011
KIH33,162.550,Otter Rock,OR,OR,44.756111,-124.049722,Lincoln,Lincoln County,41041
KIH34,162.400,Broadcast Peak,CA,CA,34.525,-119.9589,Santa Barbara,Santa Barbara County,06083
KIH35,162.550,Pittsburgh,OH,PA,40.446556,-79.963806,Allegheny,Allegheny County,42003
KIH36,162.550,Bohokus Peak,WA,WA,48.370694,-124.673028,Clallam,Clallam County,53009
KIH37,162.550,Palmer Butte,CA,OR,42.1264,-124.2272,Curry,Curry County,41015
KIH38,162.400,Raymond,LA,MS,32.1917,-90.406278,Hinds,Hinds County,28049
KIH39,162.550,Ashland,KY,KY,38.461917,-82.619833,Boyd,Boyd County,21019
KIH40,162.475,Hazard,KY,KY,37.192919,-83.1878,Perry,Perry County,21193
KIH41,162.400,Richmond,KY,KY,37.879203,-84.325499,Madison,Madison County,21151
KIH42,162.550,Covington,IN,KY,39.030556,-84.506389,Kenton,Kenton County,21117
KIH43,162.475,Floyds Knob,IN,IN,38.367084,-85.831639,Floyd,Floyd County,18043
KIH43A,162.550,Elizabethtown,KY,KY,37.68201,-85.84203,Hardin,Hardin County,21093
KIH44,162.550,Bethelridge,KY,KY,37.167433,-84.824444,Casey,Casey County,21045
KIH45,162.400,Sugar Grove,KY,KY,37.08963,-86.634822,Warren,Warren County,21227
KIH46,162.475,Mayfield,IL,KY,36.6925,-88.536111,Graves,Graves County,21083
KIH47,162.475,Melba,MS,MS,31.4395,-89.640556,Jefferson Davis,Jefferson Davis County,28065
KIH48,162.550,Smithdale,LA,MS,31.372917,-90.751417,Franklin,Franklin County,28037
KIH49,162.550,Rose Hill,AL,MS,32.1386,-89.093694,Jasper,Jasper County,28061
KIH50,162.425,Inverness,AR,MS,33.376306,-90.542278,Sunflower,Sunflower County,28133
KIH51,162.475,Ackerman,MS,MS,33.353944,-89.15,Choctaw,Choctaw County,28019
KIH52,162.550,Taylor,MS,MS,34.2908,-89.706056,Lafayette,Lafayette County,28071
KIH53,162.400,Dumas,MS,MS,34.709472,-88.843556,Tippah,Tippah County,28139
KIH54,162.550,WBIQ TV,AL,AL,33.489083,-86.799306,Jefferson,Jefferson County,01073
KIH55,162.400,WAIQ TV,AL,AL,32.381944,-86.292583,Montgomery,Montgomery County,01101
KIH56,162.475,Texasville,AL,AL,31.718056,-85.434139,Barbour,Barbour County,01005
KIH57,162.475,Crooked Oak,AL,AL,34.5839,-87.7872,Colbert,Colbert County,01033
KIH58,162.475,Mt. Cheaha,AL,AL,33.485139,-85.808889,Cleburne,Cleburne County,01029
KIH59,162.550,Dozier,AL,AL,31.554444,-86.392222,Crenshaw,Crenshaw County,01041
KIH60,162.400,Holt,AL,AL,33.214167,-87.489972,Tuscaloosa,Tuscaloosa County,01125
KIH61,162.400,Omaha,IA,NE,41.257722,-96.009333,Douglas,Douglas County,31055
KIH62,162.400,Bear Mtn.,CA,CA,36.74569,-119.283556,Fresno,Fresno County,06019
KIH63,162.475,Orlando,FL,FL,28.5943,-81.4199,Orange,Orange County,12095
KJY57,162.450,Relay Ridge,ID,ID,43.706667,-111.344444,Teton,Teton County,16081
KJY60,162.475,Lewis Peak,UT,UT,40.854444,-111.481111,Summit,Summit County,49043
KJY61,162.425,Barney Top Mountain,UT,UT,37.756389,-111.874722,Garfield,Garfield County,49017
KJY62,162.500,La Porte,IN,IN,41.660833,-86.751667,LaPorte,LaPorte County,18091
KJY63,162.500,Hancock,IA,IA,43.262222,-93.638583,Winnebago,Winnebago County,19189
KJY64,162.450,Delaware County,IA,IA,42.479722,-91.346111,Delaware,Delaware County,19055
KJY68,162.500,Ross County,OH,OH,39.329444,-82.802222,Ross,Ross County,39141
KJY69,162.550,Alpine,TX,TX,30.319167,-103.617778,Brewster,Brewster County,48043
KJY73,162.525,Saint Paul Island,AK,,57.12,-170.281111,,,
KJY75,162.525,Kemmerer,WY,WY,41.838611,-110.504722,Lincoln,Lincoln County,56023
KJY76,162.475,Crystal Falls,MI,MI,46.100833,-88.540278,Iron,Iron County,26071
KJY77,162.400,Antlers,OK,OK,34.224944,-95.625167,Pushmataha,Pushmataha County,40127
KJY78,162.450,El Campo,TX,TX,29.313889,-96.334444,Wharton,Wharton County,48481
KJY79,162.550,Mount Tabby,UT,UT,40.355278,-110.7994,Duchesne,Duchesne County,49013
KJY80,162.450,Red Wing,MN,MN,44.524056,-92.576444,Goodhue,Goodhue County,27049
KJY81,162.500,Canon City,CO,CO,38.515278,-105.3075,Fremont,Fremont County,08043
KJY82,162.450,Newton County,KS,MO,36.879889,-94.4255,Newton,Newton County,29145
KJY83,162.500,Carthage,MS,MS,32.724556,-89.545583,Leake,Leake County,28079
KJY84,162.425,Anton,CO,CO,39.704672,-103.254062,Washington,Washington County,08121
KJY85,162.525,Statesville,NC,NC,35.7333,-80.88944,Iredell,Iredell County,37097
KJY86,162.525,South Boston,NC,VA,36.733056,-78.933889,Halifax,Halifax County,51083
KJY87,162.425,Cold Bay,AK,AK,55.2503,-162.763364,Aleutians East,Aleutians East Borough,02013
KJY88,162.475,Perryton,OK,TX,36.418194,-100.802028,Ochiltree,Ochiltree County,48357
KJY93,162.425,Ball State Muncie,IN,IN,40.093611,-85.392222,Delaware,Delaware County,18035
KJY94,162.450,Chickasha,OK,OK,35.04675,-97.775722,Grady,Grady County,40051
KJY95,162.550,Wewoka,OK,OK,35.095306,-96.545917,Seminole,Seminole County,40133
KJY96,162.500,Hooker,OK,OK,36.764889,-101.209361,Texas,Texas County,40139
KJY97,162.525,Childress,OK,TX,34.4389,-100.218722,Childress,Childress County,48075
KJY99,162.525,Onley (AG),MD,VA,37.8425,-75.571389,Accomack,Accomack County,51001
KPS502,162.425,Mullen,NE,NE,41.986389,-101.039722,Hooker,Hooker County,31091
KPS503,162.550,Glennallen,AK,AK,62.103876,-146.174541,Copper River,Copper River Census Area,02066
KPS504,162.400,Nenana,AK,AK,64.581944,-149.079444,Yukon-Koyukuk,Yukon-Koyukuk Census Area,02290
KPS505,162.500,Sumterville,FL,FL,28.763889,-82.059722,Sumter,Sumter County,12119
KPS506,162.500,Wilkes County,GA,GA,33.721583,-82.722333,Wilkes,Wilkes County,13317
KPS507,162.525,Randel,MT,MT,48.794444,-106.245556,Valley,Valley County,30105
KPS509,162.500,Mt Baldy,ID,ID,45.145278,-114.008333,Lemhi,Lemhi County,16059
KPS511,162.500,Great Bend,KS,KS,38.447944,-98.76925,Barton,Barton County,20009
KQC45,162.500,Spirit Mtn.,AZ,NV,35.247222,-114.743333,Clark,Clark County,32003
KSC43,162.450,Gore Mtn.,NY,NY,43.672778,-74.048889,Warren,Warren County,36113
KUT404,162.450,Hatley,AL,MS,33.839167,-88.5739,Monroe,Monroe County,28095
KWL22,162.425,Point Dume,CA,CA,34.0144,-118.812,Los Angeles,Los Angeles County,06037
KWN30,162.550,Kotzebue,AK,AK,66.8861,-162.613611,Northwest Arctic,Northwest Arctic Borough,02188
KWN31,162.500,Greenville,TX,TX,33.140405,-95.80875,Hopkins,Hopkins County,48223
KWN32,162.425,Longview,TX,TX,32.727278,-94.917639,Upshur,Upshur County,48459
KWN33,162.450,Dublin,TX,TX,32.12853,-98.303333,Erath,Erath County,48143
KWN34,162.450,Palestine,TX,TX,31.717806,-95.649667,Anderson,Anderson County,48001
KWN35,162.475,Harmony Grove,PA,WV,39.6084,-79.9878,Monongalia,Monongalia County,54061
KWN36,162.500,Terra Alta,MD,WV,39.510611,-79.533139,Preston,Preston County,54077
KWN37,162.425,Sweetwater,TX,TX,32.346361,-100.352,Nolan,Nolan County,48353
KWN38,162.550,Gulf Hammock,FL,FL,29.2844,-82.663889,Levy,Levy County,12075
KWN39,162.525,Snow King Mountain Resort,WY,WY,43.46306,-110.7633,Teton,Teton County,56039
KWN40,162.525,Fort Morgan,CO,CO,40.244425,-103.8978,Morgan,Morgan County,08087
KWN41,162.500,Shubert,KS,NE,40.219694,-95.665583,Richardson,Richardson County,31147
KWN42,162.475,Rolla,ND,ND,48.8475,-99.656389,Rolette,Rolette County,38079
KWN43,162.500,Langdon,ND,ND,48.754972,-98.361139,Cavalier,Cavalier County,38019
KWN44,162.450,Hansel,ND,ND,48.733973,-97.750932,Pembina,Pembina County,38067
KWN45,162.450,Bottineau,ND,ND,48.604167,-100.303056,Bottineau,Bottineau County,38009
KWN46,162.525,Sheyenne,ND,ND,47.775501,-99.146556,Eddy,Eddy County,38027
KWN47,162.450,Lakeside,IA,IA,42.6497,-95.2119,Buena Vista,Buena Vista County,19021
KWN48,162.525,Sanborn,IA,IA,43.180917,-95.643139,O'Brien,O'Brien County,19141
KWN49,162.500,Atoka,OK,OK,34.376639,-96.109278,Atoka,Atoka County,40005
KWN50,162.450,Ashburn,GA,GA,31.639444,-83.749444,Turner,Turner County,13287
KWN51,162.425,Uvalde,TX,TX,29.247028,-99.796111,Uvalde,Uvalde County,48463
KWN52,162.525,Lobelville,TN,TN,35.7658,-87.8317,Perry,Perry County,47135
KWN53,162.450,Hickman County,TN,TN,35.736639,-87.373806,Hickman,Hickman County,47081
KWN54,162.425,Durango,CO,CO,37.363889,-107.7825,La Plata,La Plata County,08067
KWN55,162.425,Prairie Home,MO,MO,38.750333,-92.559,Moniteau,Moniteau County,29135
KWN56,162.525,Walton Peak,CO,CO,40.354444,-106.698889,Routt,Routt County,08107
KWN59,162.500,Phillipsburg,KS,KS,39.6036,-99.121667,Phillips,Phillips County,20147
KWN60,162.525,Prowers County,CO,CO,38.0381,-102.4297,Prowers,Prowers County,08099
KWN62,162.525,Ord,NE,NE,41.7144,-98.868778,Valley,Valley County,31175
KWO35,162.550,Empire State Building,CT,NY,40.748477,-73.9853,New York,New York County,36061
KWO37,162.550,Mt. Lukens/Tujunga,CA,CA,34.268722,-118.237694,Los Angeles,Los Angeles County,06037
KWO39,162.550,Wood Dale,IL,IL,41.878889,-87.636111,Cook,Cook County,17031
KXI20,162.525,Chadron St. Park,NE,NE,42.635,-103.103333,Dawes,Dawes County,31045
KXI21,162.500,Gavins Point Dam,NE,NE,42.842056,-97.484611,Cedar,Cedar County,31027
KXI22,162.500,Brasstown Bald Mtn.,GA,GA,34.874167,-83.811944,Union,Union County,13291
KXI23,162.525,Greens Peak,AZ,AZ,34.1119,-109.574553,Apache,Apache County,04001
KXI24,162.475,Solomon,AZ,AZ,32.649444,-109.849167,Graham,Graham County,04009
KXI25,162.425,Lake Andes,NE,SD,43.065,-98.4892,Charles Mix,Charles Mix County,46023
KXI26,162.450,Hopkinsville,KY,KY,36.879444,-87.504722,Christian,Christian County,21047
KXI27,162.425,Clearwater,WA,WA,47.749167,-124.177778,Jefferson,Jefferson County,53031
KXI28,162.450,Sandersville,GA,GA,32.981444,-82.80525,Washington,Washington County,13303
KXI29,162.475,Whittier,AK,AK,60.7769,-148.69037,Chugach,Chugach Census Area,02063
KXI30,162.475,Wendover Peak,NV,UT,40.754444,-114.019444,Tooele,Tooele County,49045
KXI31,162.450,Windom,MN,MN,44.0567,-95.1956,Cottonwood,Cottonwood County,27033
KXI32,162.550,Appleton,MN,MN,45.1675,-95.999722,Swift,Swift County,27151
KXI33,162.450,West Branch,MI,MI,44.276972,-84.313278,Ogemaw,Ogemaw County,26129
KXI34,162.550,Rock Springs,UT,WY,41.430556,-109.120278,Sweetwater,Sweetwater County,56037
KXI35,162.500,Alton,MO,MO,36.6983,-91.4103,Oregon,Oregon County,29149
KXI37,162.425,Elk Mtn.,WY,WY,41.6794,-107.2364,Carbon,Carbon County,56007
KXI38,162.525,West Plains,MO,MO,36.6936,-91.8833,Howell,Howell County,29091
KXI39,162.525,New Ulm,MN,MN,44.2772,-94.440778,Brown,Brown County,27015
KXI41,162.500,Crystal Lake,IL,IL,42.259444,-88.3625,McHenry,McHenry County,17111
KXI42,162.450,Chester,IL,IL,37.953139,-89.876639,Randolph,Randolph County,17157
KXI43,162.450,Bogus Lake,MN,MN,47.8664,-90.143889,Cook,Cook County,27031
KXI44,162.500,Ely,MN,MN,47.894444,-91.863333,St. Louis,St. Louis County,27137
KXI45,162.525,Gunflint Lake,MN,MN,48.078333,-90.76,Cook,Cook County,27031
KXI46,162.500,Shelbyville,IL,IL,39.306111,-88.935556,Shelby,Shelby County,17173
KXI47,162.525,Paris,IL,IL,39.552222,-87.7,Edgar,Edgar County,17045
KXI48,162.450,Newton,IL,IL,38.964105,-88.2231,Jasper,Jasper County,17079
KXI49,162.475,Salem,IL,IL,38.5439,-88.9245,Marion,Marion County,17121
KXI50,162.500,Russell,MN,MN,44.313639,-95.957472,Lyon,Lyon County,27083
KXI52,162.400,McLeansboro,IL,IL,38.1139,-88.5458,Hamilton,Hamilton County,17065
KXI54,162.425,Burkeville,LA,TX,31.17325,-93.56762,Newton,Newton County,48351
KXI55,162.500,Onalaska,TX,TX,30.849722,-95.1097,Polk,Polk County,48373
KXI56,162.525,Gonzales,TX,TX,29.546667,-97.406667,Gonzales,Gonzales County,48177
KXI57,162.525,Davis,OK,OK,34.41625,-97.15,Murray,Murray County,40099
KXI58,162.400,Yorkville,IL,IL,41.6061,-88.4525,Kendall,Kendall County,17093
KXI59,162.450,Philip,SD,SD,43.981111,-101.642778,Jackson,Jackson County,46071
KXI60,162.525,Decorah,IA,IA,43.2875,-91.8844,Winneshiek,Winneshiek County,19191
KXI62,162.450,Montezuma,IA,IA,41.6108,-92.562722,Poweshiek,Poweshiek County,19157
KXI65,162.450,Lenox,IA,IA,40.842306,-94.632556,Taylor,Taylor County,19173
KXI66,162.425,Piedmont,MO,MO,37.0931,-90.8439,Reynolds,Reynolds County,29179
KXI68,162.450,Kirkwood & 420th,IA,IA,43.372222,-92.833056,Mitchell,Mitchell County,19131
KXI70,162.450,Jerseyville,IL,IL,39.104194,-90.264611,Jersey,Jersey County,17083
KXI71,162.525,Arlington,SD,SD,44.355278,-97.123889,Brookings,Brookings County,46011
KXI73,162.450,Thomas,MD,WV,39.1456,-79.5766,Tucker,Tucker County,54093
KXI74,162.525,Point Mountain,WV,WV,38.5658,-80.151944,Randolph,Randolph County,54083
KXI75,162.475,Blue Ridge,GA,GA,34.8675,-84.333889,Fannin,Fannin County,13111
KXI76,162.450,La Grange,AL,GA,33.021361,-84.997833,Troup,Troup County,13285
KXI77,162.400,Eastman,GA,GA,32.217583,-83.224944,Dodge,Dodge County,13091
KXI79,162.425,Coffeen-Hillsboro,IL,IL,39.170574,-89.512124,Montgomery,Montgomery County,17135
KXI80,162.475,Craig,AK,AK,55.474069,-133.137279,Prince of Wales-Hyder,Prince of Wales-Hyder Census Area,02198
KXI81,162.450,Clayton-Tiger,GA,GA,34.8456,-83.4997,Rabun,Rabun County,13241
KXI82,162.450,Grangeville,ID,ID,45.863611,-116.122778,Idaho,Idaho County,16049
KXI83,162.425,Hayden Peak,AZ,AZ,35.094191,-113.905661,Mohave,Mohave County,04015
KXI84,162.400,Ram Mtn.,AZ,AZ,34.616667,-114.270556,Mohave,Mohave County,04015
KXI85,162.450,Medicine Butte,UT,WY,41.3525,-110.9072,Uinta,Uinta County,56041
KXI86,162.500,Crescent City,IL,IL,40.7178,-87.86,Iroquois,Iroquois County,17075
KXI87,162.525,Corsicana,TX,TX,32.076536,-96.490889,Navarro,Navarro County,48349
KXI88,162.400,Stinnett,TX,TX,35.844021,-101.446305,Hutchinson,Hutchinson County,48233
KXI89,162.525,Eatonton,GA,GA,33.3083,-83.390306,Putnam,Putnam County,13237
KXI90,162.450,Buckhorn Lakes,CO,CO,38.338056,-107.638333,Montrose,Montrose County,08085
KXI91,162.475,Morrilton,AR,AR,35.165194,-92.714333,Conway,Conway County,05029
KXI92,162.425,Mt. Ida,AR,AR,34.4728,-93.605,Montgomery,Montgomery County,05097
KXI93,162.550,Cape Girardeau,IL,MO,37.3625,-89.5222,Cape Girardeau,Cape Girardeau County,29031
KXI94,162.425,Angola,IN,IN,41.6867,-84.9836,Steuben,Steuben County,18151
KXI95,162.425,Duplin County,NC,NC,34.9281,-78.0558,Duplin,Duplin County,37061
KXI96,162.400,Bald Knob,AR,AR,35.3811,-91.524667,White,White County,05145
KXI97,162.400,Eagle Mtn./Bald Knob,AR,AR,34.4545,-94.143333,Polk,Polk County,05113
KXI98,162.500,Marshalltown,IA,IA,42.0475,-92.8617,Marshall,Marshall County,19127
KZZ27,162.425,Vermillion,IN,IN,39.853889,-87.408333,Vermillion,Vermillion County,18165
KZZ28,162.450,Mt. Oliver,VA,VA,37.876528,-78.690972,Albemarle,Albemarle County,51003
KZZ29,162.400,Grand Rapids,MN,MN,47.2922,-93.4822,Itasca,Itasca County,27061
KZZ30,162.475,El Dorado Springs,KS,MO,37.870194,-94.033139,Cedar,Cedar County,29039
KZZ31,162.500,Rudeville,NJ,NJ,41.143611,-74.538056,Sussex,Sussex County,34037
KZZ32,162.475,Meadville,OH,PA,41.654389,-80.125944,Crawford,Crawford County,42039
KZZ33,162.525,Mount Pleasant,MI,MI,43.575833,-84.774722,Isabella,Isabella County,26073
KZZ34,162.450,Carrollton,MO,MO,39.367147,-93.404064,Carroll,Carroll County,29033
KZZ35,162.500,Escanaba,MI,MI,45.779722,-87.140556,Delta,Delta County,26041
KZZ36,162.500,State Rd. 13 (State Hwy.),IN,IN,41.358889,-85.7,Kosciusko,Kosciusko County,18085
KZZ37,162.425,Conception Junction,IA,MO,40.2875,-94.790833,Nodaway,Nodaway County,29147
KZZ38,162.500,Galt,MO,MO,40.154444,-93.422778,Grundy,Grundy County,29079
KZZ39,162.500,Shawnee Mound,MO,MO,38.503611,-93.758056,Henry,Henry County,29083
KZZ40,162.450,Deerfield,MA,NH,43.175833,-71.208056,Rockingham,Rockingham County,33015
KZZ41,162.500,North Conway,ME,NH,44.270278,-71.303333,Coos,Coos County,33007
KZZ42,162.500,Reynoldsville,PA,PA,41.0719,-78.9392,Jefferson,Jefferson County,42065
KZZ43,162.550,Indian Ridge,MO,MO,36.715889,-93.367611,Stone,Stone County,29209
KZZ44,162.450,Orr,MN,MN,48.18,-92.750278,St. Louis,St. Louis County,27137
KZZ45,162.475,Virginia,MN,MN,47.4875,-92.52,St. Louis,St. Louis County,27137
KZZ46,162.425,Elliottville,OH,OH,39.30825,-82.118083,Athens,Athens County,39009
KZZ47,162.525,Carey,OH,OH,40.933222,-83.379944,Wyandot,Wyandot County,39175
KZZ48,162.450,Owenton,IN,KY,38.525556,-84.811111,Owen,Owen County,21187
KZZ49,162.425,Washington,KY,KY,38.6403,-83.8083,Mason,Mason County,21161
KZZ50,162.550,Essex,IA,IA,40.812778,-95.252194,Page,Page County,19145
KZZ51,162.425,Carroll,IA,IA,42.049028,-94.8844,Carroll,Carroll County,19027
KZZ52,162.525,Hancock,IA,IA,41.34425,-95.256028,Pottawattamie,Pottawattamie County,19155
KZZ53,162.550,Utqiagvik,AK,AK,71.288352,-156.762283,North Slope,North Slope Borough,02185
KZZ54,162.500,Mocassin Mtn.,MT,MT,47.177778,-109.535833,Fergus,Fergus County,30027
KZZ55,162.525,Dixon,IL,IL,41.897778,-89.605556,Lee,Lee County,17103
KZZ56,162.450,Eleroy,IL,IL,42.328056,-89.725,Stephenson,Stephenson County,17177
KZZ57,162.475,Latham Park,IL,IL,42.3672,-89.0869,Winnebago,Winnebago County,17201
KZZ58,162.525,Aroma Park,IL,IL,41.0775,-87.756111,Kankakee,Kankakee County,17091
KZZ59,162.500,Porcupine Butte,SD,SD,43.178889,-102.324444,Oglala Lakota,Oglala Lakota County,46102
KZZ60,162.525,Medicine Butte,SD,SD,43.965833,-99.603333,Lyman,Lyman County,46085
KZZ61,162.475,Whitesville,IN,KY,37.691944,-86.848889,Daviess,Daviess County,21059
KZZ62,162.475,Smith Grove Ridge,KY,KY,36.79067,-85.241057,Cumberland,Cumberland County,21057
KZZ63,162.525,Spurlington,KY,KY,37.423623,-85.274201,Marion,Marion County,21155
KZZ64,162.450,Ekron,KY,KY,37.902704,-86.168283,Meade,Meade County,21163
KZZ65,162.525,Bloomington Heights,IL,IL,40.476111,-89.033889,McLean,McLean County,17113
KZZ66,162.400,Galesburg,IL,IL,40.988056,-90.317778,Knox,Knox County,17095
KZZ67,162.425,Merrimac,KS,KS,39.706686,-96.557,Marshall,Marshall County,20117
KZZ68,162.475,Osceola,IA,IA,40.868111,-93.804833,Decatur,Decatur County,19053
KZZ69,162.450,Ellis,NE,NE,40.218583,-96.915694,Gage,Gage County,31067
KZZ70,162.525,Blakely,AL,GA,31.402222,-84.959167,Early,Early County,13099
KZZ72,162.425,Soda Springs,ID,ID,42.515833,-111.9225,Bannock,Bannock County,16005
KZZ73,162.525,Patit,WA,WA,46.353556,-117.717167,Columbia,Columbia County,53013
KZZ76,162.450,Racine,IL,WI,42.669722,-87.8475,Racine,Racine County,55101
KZZ77,162.425,Withee,WI,WI,44.914167,-90.657222,Clark,Clark County,55019
KZZ78,162.525,Ashland,MI,WI,46.608056,-90.836944,Ashland,Ashland County,55003
KZZ79,162.475,Lampson,MN,WI,45.986787,-91.793709,Washburn,Washburn County,55129
KZZ80,162.550,Milford,IA,IA,43.343083,-95.207889,Dickinson,Dickinson County,19059
KZZ81,162.425,Downers Grove,IL,IL,41.6006,-87.97895,Will,Will County,17197
KZZ82,162.425,Marshfield,MO,MO,36.663861,-92.517056,Ozark,Ozark County,29153
KZZ83,162.425,Jackson,IA,IA,42.090556,-90.726944,Jackson,Jackson County,19097
KZZ84,162.450,Aitkin,MN,MN,46.469444,-93.526944,Aitkin,Aitkin County,27001
KZZ85,162.475,Cameron,MO,MO,39.752778,-94.25,DeKalb,DeKalb County,29063
KZZ86,162.425,Althorp Peak,AK,AK,58.09323,-136.4146,Hoonah-Angoon,Hoonah-Angoon Census Area,02105
KZZ87,162.450,Mt. Robert Barron,AK,AK,58.226944,-134.841667,Hoonah-Angoon,Hoonah-Angoon Census Area,02105
KZZ88,162.425,Cape Fanshaw,AK,AK,57.204722,-133.465833,Petersburg,Petersburg Borough,02195
KZZ89,162.425,Sukkwan Island,AK,AK,55.111944,-132.758611,Prince of Wales-Hyder,Prince of Wales-Hyder Census Area,02198
KZZ90,162.425,Raspberry Island,AK,AK,58.066389,-153.376944,Kodiak Island,Kodiak Island Borough,02150
KZZ91,162.450,Zarembo Island,AK,AK,56.345278,-132.861389,Wrangell,Wrangell City and Borough,02275
KZZ92,162.450,Duke Island,AK,AK,54.883333,-131.358333,Ketchikan Gateway,Ketchikan Gateway Borough,02130
KZZ93,162.450,Point Pigot,AK,AK,60.817222,-148.38,Chugach,Chugach Census Area,02063
KZZ95,162.525,Mt. McArthur,AK,AK,56.069167,-134.191944,Prince of Wales-Hyder,Prince of Wales-Hyder Census Area,02198
KZZ96,162.525,Gravina Island,AK,AK,55.3675,-131.8,Ketchikan Gateway,Ketchikan Gateway Borough,02130
KZZ97,162.550,Ninilchik,AK,AK,60.043337,-151.676849,Kenai Peninsula,Kenai Peninsula Borough,02122
KZZ98,162.400,Wasilla,AK,AK,61.601576,-149.360616,Matanuska-Susitna,Matanuska-Susitna Borough,02170
WNG521,162.525,Bogalusa,LA,LA,30.88654,-90.04895,Washington,Washington Parish,22117
WNG522,162.425,Palatka,FL,FL,29.7375,-81.6691,Putnam,Putnam County,12107
WNG523,162.500,Dilley,TX,TX,28.675472,-99.188972,Frio,Frio County,48163
WNG524,162.500,Hitchcock County,NE,NE,40.241111,-101.044722,Hitchcock,Hitchcock County,31087
WNG525,162.425,Tuklung Mtn.,AK,AK,58.8575,-159.465833,Dillingham,Dillingham Census Area,02070
WNG526,162.425,Rugged Island,AK,AK,59.860661,-149.39478,Kenai Peninsula,Kenai Peninsula Borough,02122
WNG527,162.425,Potato Point,AK,,61.056543,-146.697377,,,
WNG528,162.450,Bede Mountain,AK,AK,59.310278,-151.943889,Kenai Peninsula,Kenai Peninsula Borough,02122
WNG529,162.500,Cape Gull,AK,AK,58.199694,-154.205084,Kodiak Island,Kodiak Island Borough,02150
WNG530,162.500,Naked Island,AK,AK,60.645,-147.346944,Chugach,Chugach Census Area,02063
WNG531,162.525,Pillar Mtn.,AK,AK,57.788202,-152.437856,Kodiak Island,Kodiak Island Borough,02150
WNG532,162.525,Cape Hinchinbrook,AK,AK,60.275576,-146.638974,Chugach,Chugach Census Area,02063
WNG533,162.525,Browning,MT,MT,48.596111,-113.018889,Glacier,Glacier County,30035
WNG534,162.525,Belvidere,KS,KS,37.530528,-99.050806,Kiowa,Kiowa County,20097
WNG535,162.525,Dighton,KS,KS,38.432444,-100.464833,Lane,Lane County,20101
WNG536,162.550,DeKalb,IL,IL,41.9356,-88.7642,DeKalb,DeKalb County,17037
WNG537,162.525,Windsor,NC,NC,36.0636,-76.9736,Bertie,Bertie County,37015
WNG538,162.450,Grandmother Mtn.,NC,NC,36.06317,-81.84184,Avery,Avery County,37011
WNG539,162.525,Spencerport,NY,NY,43.1431,-77.8497,Monroe,Monroe County,36055
WNG541,162.525,Mayville,NY,NY,42.0467,-79.0903,Chautauqua,Chautauqua County,36013
WNG542,162.425,Greenville,ME,ME,45.4625,-69.552222,Piscataquis,Piscataquis County,23021
WNG543,162.450,Jonesboro,ME,ME,44.6369,-67.6261,Washington,Washington County,23029
WNG544,162.400,Ben Young Hill,NH,NH,45.0219,-71.416938,Coos,Coos County,33007
WNG545,162.550,Mt. Prospect,NH,NH,43.7628,-71.6494,Grafton,Grafton County,33009
WNG546,162.525,Moose Mtn.,NH,NH,43.7092,-72.1542,Grafton,Grafton County,33009
WNG547,162.450,Sugarloaf Mtn,ME,ME,45.031722,-70.313139,Franklin,Franklin County,23007
WNG549,162.450,Platte County,NE,NE,41.4525,-97.253028,Platte,Platte County,31141
WNG550,162.450,Franktown,CO,CO,39.370134,-104.679368,Douglas,Douglas County,08035
WNG551,162.425,Standing Rock,SD,SD,45.421111,-101.285833,Dewey,Dewey County,46041
WNG552,162.525,Manawa/Ogdensburg,WI,WI,44.4175,-88.9175,Waupaca,Waupaca County,55135
WNG553,162.400,Wausaukee,MI,WI,45.4275,-87.9775,Marinette,Marinette County,55075
WNG554,162.525,Belvidere,AL,TN,35.0875,-86.111667,Franklin,Franklin County,47051
WNG555,162.425,Meade,KS,KS,37.286083,-100.399528,Meade,Meade County,20119
WNG556,162.475,Bald Mesa,UT,UT,38.528889,-109.323611,Grand,Grand County,49019
WNG557,162.475,Faith,SD,SD,45.053889,-102.263056,Perkins,Perkins County,46105
WNG558,162.550,White River,SD,SD,43.576389,-100.743333,Mellette,Mellette County,46095
WNG559,162.550,Fossil,OR,OR,44.960111,-119.951722,Wheeler,Wheeler County,41069
WNG560,162.500,Fall Mtn.,OR,OR,44.293889,-119.042222,Grant,Grant County,41023
WNG561,162.450,Hale County,TX,TX,34.220556,-101.715833,Hale,Hale County,48189
WNG562,162.425,Gaines County,NM,TX,32.707222,-102.624861,Gaines,Gaines County,48165
WNG563,162.400,Powell,MT,WY,44.587222,-108.852222,Park,Park County,56029
WNG564,162.500,Jackson County,WI,WI,44.375,-90.8419,Jackson,Jackson County,55053
WNG565,162.400,Oneida County,WI,WI,45.726111,-89.415,Oneida,Oneida County,55085
WNG567,162.425,Five Mile Hill,MT,MT,45.475278,-105.498889,Powder River,Powder River County,30075
WNG568,162.525,Greybull,WY,WY,44.195556,-107.511944,Big Horn,Big Horn County,56003
WNG569,162.475,Star Valley,WY,WY,42.8508,-110.9808,Lincoln,Lincoln County,56023
WNG570,162.500,Hart County,KY,KY,37.17643,-85.923565,Hart,Hart County,21099
WNG571,162.450,Glendo Reservoir,WY,WY,42.346111,-105.035278,Platte,Platte County,56031
WNG572,162.475,Goodhart,MI,MI,45.5694,-85.0406,Emmet,Emmet County,26047
WNG573,162.500,Shoshoni,WY,WY,43.437222,-107.997222,Fremont,Fremont County,56013
WNG574,162.425,Essex,MA,MA,42.62563,-70.64654,Essex,Essex County,25009
WNG575,162.525,Peterborough,MA,NH,42.861111,-71.879167,Hillsborough,Hillsborough County,33011
WNG576,162.450,Newberry,MI,MI,46.319167,-85.537222,Luce,Luce County,26095
WNG577,162.550,Rusk County,WI,WI,45.555833,-90.965028,Rusk,Rusk County,55107
WNG578,162.525,Superior,KS,NE,40.1256,-98.0678,Nuckolls,Nuckolls County,31129
WNG579,162.450,Walsenburg,CO,CO,37.641389,-104.773056,Huerfano,Huerfano County,08055
WNG581,162.400,Steele,ND,ND,46.665278,-99.758333,Kidder,Kidder County,38043
WNG582,162.450,Sanilac County,MI,MI,43.4106,-82.8064,Sanilac,Sanilac County,26151
WNG583,162.525,Lake Bronson,MN,MN,48.717267,-96.605401,Kittson,Kittson County,27069
WNG584,162.525,Catalina Island,CA,CA,33.343278,-118.321667,Los Angeles,Los Angeles County,06037
WNG586,162.500,Henderson,NC,NC,36.310278,-78.501111,Vance,Vance County,37181
WNG588,162.500,Ashe County,NC,NC,36.4032,-81.4638,Ashe,Ashe County,37009
WNG589,162.425,Frankstown,PA,PA,40.568181,-78.440874,Blair,Blair County,42013
WNG591,162.500,Coudersport,PA,PA,41.75969,-77.876011,Potter,Potter County,42105
WNG592,162.525,San Simeon,CA,CA,35.685111,-121.167222,San Luis Obispo,San Luis Obispo County,06079
WNG594,162.425,Sevier Valley,UT,UT,39.321944,-111.770833,Sanpete,Sanpete County,49039
WNG595,162.525,Bridgeport,CA,CA,38.088333,-119.176944,Mono,Mono County,06051
WNG596,162.425,Port Orford,OR,OR,42.73933,-124.51033,Curry,Curry County,41015
WNG597,162.400,Richmond County,NC,NC,35.12013,-79.71078,Richmond,Richmond County,37153
WNG600,162.525,D'Hanis,TX,TX,29.320833,-99.331944,Medina,Medina County,48325
WNG601,162.425,Rio Grande City,TX,TX,26.405,-98.776111,Starr,Starr County,48427
WNG604,162.525,Longview,OR,WA,45.9933,-122.5964,Cowlitz,Cowlitz County,53015
WNG605,162.475,Alibon,ID,ID,42.361389,-113.455556,Cassia,Cassia County,16031
WNG606,162.425,Oneonta,AL,AL,33.985861,-86.459972,Blount,Blount County,01009
WNG607,162.425,Greenville,AL,AL,31.877222,-86.728333,Butler,Butler County,01013
WNG608,162.500,Cassville,MO,MO,36.671861,-93.896639,Barry,Barry County,29009
WNG609,162.525,Kingsville,TX,TX,27.292222,-97.8075,Kleberg,Kleberg County,48273
WNG610,162.450,Waubun,MN,MN,47.180256,-95.778167,Mahnomen,Mahnomen County,27087
WNG627,162.450,Aiken,GA,SC,33.5717,-81.6969,Aiken,Aiken County,45003
WNG628,162.500,Georgetown,SC,SC,33.444949,-79.300595,Georgetown,Georgetown County,45043
WNG629,162.450,Hollow Rock,TN,TN,35.748917,-85.46725,Van Buren,Van Buren County,47175
WNG630,162.425,Lake County,MN,MN,47.456389,-91.231667,Lake,Lake County,27075
WNG631,162.525,Pleasant Shade,KY,TN,36.432222,-85.883611,Macon,Macon County,47111
WNG632,162.525,Oktaha,OK,OK,35.603556,-95.499306,Muskogee,Muskogee County,40101
WNG633,162.425,Sneads (AG),AL,FL,30.639167,-84.979722,Jackson,Jackson County,12063
WNG634,162.400,Mt Potosi,CA,NV,35.965,-115.500833,Clark,Clark County,32003
WNG635,162.450,Selma,AL,AL,32.5256,-86.9828,Dallas,Dallas County,01047
WNG636,162.500,Cisco,TX,TX,32.3514,-99.018333,Eastland,Eastland County,48133
WNG637,162.425,Mount Soledad (La Jolla),CA,CA,32.840056,-117.253028,San Diego,San Diego County,06073
WNG638,162.475,Red Rock,MT,MT,44.9444,-112.734722,Beaverhead,Beaverhead County,30001
WNG639,162.475,Agnos - Ash Flat,AR,AR,36.259472,-91.693417,Fulton,Fulton County,05049
WNG640,162.425,Green County,AL,MS,31.176667,-88.597222,Greene,Greene County,28041
WNG641,162.475,Kingsbury,TX,TX,29.65475,-97.82425,Guadalupe,Guadalupe County,48187
WNG642,162.525,Marshall County,AL,AL,34.3444,-86.4389,Marshall,Marshall County,01095
WNG643,162.525,Phillips County,AR,AR,34.6225,-90.979056,Phillips,Phillips County,05107
WNG644,162.425,Washington County,KS,OK,36.756111,-95.8475,Washington,Washington County,40147
WNG645,162.500,Albion,NE,NE,41.622528,-98.119472,Boone,Boone County,31011
WNG646,162.475,Brewton,AL,AL,31.264722,-87.125833,Conecuh,Conecuh County,01035
WNG647,162.450,Lenawee County,MI,MI,41.903056,-83.986944,Lenawee,Lenawee County,26091
WNG648,162.500,Fort  Leonard Wood,MO,MO,37.9522,-92.03,Pulaski,Pulaski County,29169
WNG649,162.525,Milano,TX,TX,30.72573,-96.808611,Milam,Milam County,48331
WNG650,162.525,Timpson,TX,TX,31.726389,-94.257778,Shelby,Shelby County,48419
WNG651,162.525,Palo Pinto,TX,TX,32.855,-98.087222,Palo Pinto,Palo Pinto County,48363
WNG652,162.550,El Paso Spanish,NM,TX,31.765556,-106.4775,El Paso,El Paso County,48141
WNG653,162.525,Mt. Pleasant,TX,TX,33.196944,-94.474722,Cass,Cass County,48067
WNG654,162.500,Stillwater,OK,OK,36.118083,-97.002,Payne,Payne County,40119
WNG655,162.425,Mt. Diablo,CA,CA,37.8814,-121.915556,Contra Costa,Contra Costa County,06013
WNG656,162.525,Fort Ransom,ND,ND,46.523687,-97.956331,Ransom,Ransom County,38073
WNG657,162.500,Summerfield,NM,TX,34.738611,-102.511667,Castro,Castro County,48069
WNG658,162.525,Bowman County,ND,ND,46.1825,-103.048889,Bowman,Bowman County,38011
WNG659,162.425,Ridgecrest,CA,CA,35.4775,-117.700278,Kern,Kern County,06029
WNG660,162.500,Campbell County,WY,WY,44.243056,-105.538611,Campbell,Campbell County,56005
WNG661,162.475,Newcastle,SD,WY,43.8325,-104.218889,Weston,Weston County,56045
WNG662,162.550,Johnson County,WY,WY,43.719909,-106.651011,Johnson,Johnson County,56019
WNG663,162.425,Homestead,FL,FL,25.537583,-80.403639,Miami-Dade,Miami-Dade County,12086
WNG664,162.400,Baca County,CO,CO,37.41,-102.626944,Baca,Baca County,08009
WNG666,162.525,Hampton,IA,IA,42.505,-93.263167,Hardin,Hardin County,19083
WNG667,162.450,Yellowstone AGR,MT,WY,44.3811,-110.5453,Teton,Teton County,56039
WNG668,162.550,Denison,IA,IA,42.0458,-95.319889,Crawford,Crawford County,19047
WNG669,162.500,Horn Mountain,UT,UT,39.21,-111.1425,Emery,Emery County,49015
WNG670,162.400,Mosby,MT,MT,46.990833,-108.333889,Petroleum,Petroleum County,30069
WNG671,162.500,Rutland,NY,VT,43.658889,-73.106944,Rutland,Rutland County,50021
WNG672,162.425,Baldwin,MI,MI,43.980556,-85.843333,Lake,Lake County,26085
WNG673,162.525,Long Prairie,MN,MN,45.9964,-94.89825,Todd,Todd County,27153
WNG674,162.500,Herman Peak,OR,OR,44.124278,-124.013056,Lane,Lane County,41039
WNG675,162.550,Bethel,AK,AK,60.785455,-161.839479,Bethel,Bethel Census Area,02050
WNG676,162.500,Enfield,MN,MN,45.348472,-93.908778,Wright,Wright County,27171
WNG678,162.425,Pine County,MN,MN,45.8411,-92.9825,Pine,Pine County,27115
WNG679,162.500,Pinedale,WY,WY,42.844444,-109.924167,Sublette,Sublette County,56035
WNG680,162.500,Fergus Falls,MN,MN,46.259111,-95.980944,Otter Tail,Otter Tail County,27111
WNG681,162.500,Dillingham,AK,AK,59.0422,-158.455,Dillingham,Dillingham Census Area,02070
WNG682,162.525,Livingston,MT,MT,45.6739,-110.5675,Park,Park County,30067
WNG683,162.550,Gogebic County,MI,MI,46.3775,-89.7075,Gogebic,Gogebic County,26053
WNG684,162.525,Steuben,MI,MI,46.109722,-86.236667,Schoolcraft,Schoolcraft County,26153
WNG685,162.425,Carver County,MN,MN,44.788889,-93.906889,Carver,Carver County,27019
WNG686,162.425,Yellowstone Nat'l. Park North,MT,WY,44.9864,-110.7156,Park,Park County,56029
WNG687,162.450,Monticello,CO,UT,37.839722,-109.460556,San Juan,San Juan County,49037
WNG688,162.475,Ringsted,IA,IA,43.3417,-94.460583,Emmet,Emmet County,19063
WNG689,162.450,Porter County,IN,IN,41.3536,-87.1853,Porter,Porter County,18127
WNG692,162.550,Carrizo Springs,TX,TX,28.5331,-99.881389,Dimmit,Dimmit County,48127
WNG694,162.400,Washington County,AR,AR,36.179444,-94.086111,Washington,Washington County,05143
WNG695,162.450,Pecos,TX,TX,31.200611,-103.353444,Reeves,Reeves County,48389
WNG696,162.450,George West (AG),TX,TX,28.335,-98.171389,Live Oak,Live Oak County,48297
WNG697,162.525,Tillamook Hospital,OR,OR,45.207889,-123.760111,Yamhill,Yamhill County,41071
WNG698,162.500,Lorain County,OH,OH,41.271472,-82.022611,Lorain,Lorain County,39093
WNG700,162.500,Jackpot,NV,NV,41.783611,-114.840278,Elko,Elko County,32007
WNG701,162.525,Bad Axe (Port Austin),MI,MI,43.794167,-83.001944,Huron,Huron County,26063
WNG702,162.425,Murry County,MN,MN,43.877583,-95.6069,Murray,Murray County,27101
WNG703,162.500,Crawford Hill,AZ,AZ,31.338194,-110.953111,Santa Cruz,Santa Cruz County,04023
WNG704,162.425,Chester County,DE,PA,40.0239,-75.8128,Chester,Chester County,42029
WNG705,162.450,Wayne CO,NY,PA,41.572222,-75.191111,Wayne,Wayne County,42127
WNG706,162.450,Garner,NC,NC,35.6747,-78.5275,Wake,Wake County,37183
WNG707,162.400,Hoffman,MN,MN,45.831778,-95.721111,Douglas,Douglas County,27041
WNG710,162.400,Pago Pago,AS,AS,-14.330556,-170.714167,Western,Western District,60050
WNG711,162.400,Renville County,MN,MN,44.776111,-94.981944,Renville,Renville County,27129
WNG712,162.525,Riverside County,CA,CA,33.654889,-115.990222,Riverside,Riverside County,06065
WNG713,162.450,Roberts County Area,OK,TX,35.626389,-100.550278,Roberts,Roberts County,48393
WNG714,162.550,Sand Point,AK,AK,55.349444,-160.4731,Aleutians East,Aleutians East Borough,02013
WNG716,162.500,Marmot Island,AK,AK,58.235833,-151.820833,Kodiak Island,Kodiak Island Borough,02150
WNG718,162.450,Sitkinak Dome,AK,AK,56.559444,-154.182222,Kodiak Island,Kodiak Island Borough,02150
WNG719,162.525,Forsyth,MT,MT,46.3308,-106.7108,Rosebud,Rosebud County,30087
WNG720,162.525,Laughlin Range,CA,CA,39.326667,-123.270833,Mendocino,Mendocino County,06045
WNG722,162.425,Throckmorton,TX,TX,33.158611,-99.175,Throckmorton,Throckmorton County,48447
WNG723,162.450,Dubois,WY,WY,43.499722,-109.6881,Fremont,Fremont County,56013
WNG724,162.450,Yellowtail / Crow Reservation,MT,MT,45.745,-107.533889,Big Horn,Big Horn County,30003
WNG725,162.525,El Dorado,AR,AR,33.128333,-92.469278,Union,Union County,05139
WNG727,162.475,Irvine,KY,KY,37.7275,-83.944444,Estill,Estill County,21065
WNG728,162.425,Hawk Point,MO,MO,38.979444,-91.131111,Lincoln,Lincoln County,29113
WNG730,162.500,Wapello County,IA,IA,41.024139,-92.482306,Wapello,Wapello County,19179
WNG731,162.450,Owyhee,NV,NV,41.950833,-116.098333,Elko,Elko County,32007
WNG732,162.450,Cross Mountain/Briceville,TN,TN,36.1981,-84.2308,Campbell,Campbell County,47013
WNG734,162.400,Washington County,OH,OH,39.435194,-81.453528,Washington,Washington County,39167
WNG735,162.425,Tuscarawas County,OH,OH,40.435333,-81.507306,Tuscarawas,Tuscarawas County,39157
WNG736,162.450,Silver Spring,DC,MD,38.993013,-77.030766,Montgomery,Montgomery County,24031
WNG737,162.400,Dillon,CO,CO,39.616803,-106.110006,Summit,Summit County,08117
WSM60,162.475,Blinn Hill,ME,ME,44.122778,-69.680556,Lincoln,Lincoln County,23015
WWF34,162.475,Plainwell,MI,MI,42.421944,-85.528889,Barry,Barry County,26015
WWF35,162.525,Bridgeport,OH,OH,40.061333,-80.757944,Belmont,Belmont County,39013
WWF36,162.475,Hesperia,MI,MI,43.549722,-86.042778,Oceana,Oceana County,26127
WWF37,162.475,Carlsbad,NM,NM,32.437806,-104.277278,Eddy,Eddy County,35015
WWF38,162.400,Lecanto,FL,FL,28.8436,-82.484611,Citrus,Citrus County,12017
WWF39,162.450,Hawaii Kai,HI,HI,21.320528,-157.682008,Honolulu,Honolulu County,15003
WWF40,162.400,Coloma,WI,WI,44.020278,-89.558056,Waushara,Waushara County,55137
WWF42,162.450,Ponca City,KS,OK,36.689333,-97.168444,Kay,Kay County,40071
WWF43,162.400,Stamford,NY,NY,42.398611,-74.589722,Delaware,Delaware County,36025
WWF44,162.500,Pea Ridge,AL,AL,34.613611,-85.680278,DeKalb,DeKalb County,01049
WWF45,162.450,Roosevelt,MN,MN,48.789083,-95.049889,Lake of the Woods,Lake of the Woods County,27077
WWF46,162.450,South Mountain,UT,UT,40.4597,-112.41,Tooele,Tooele County,49045
WWF47,162.525,Vernon Hills,UT,UT,40.1272,-112.380833,Tooele,Tooele County,49045
WWF48,162.525,Bascom Lodge,MA,MA,42.6367,-73.1667,Berkshire,Berkshire County,25003
WWF49,162.525,Tunk Mtn.,WA,WA,48.545556,-119.235556,Okanogan,Okanogan County,53047
WWF50,162.475,Plentywood,MT,MT,48.693889,-104.595556,Sheridan,Sheridan County,30091
WWF51,162.475,Utah Hill,AZ,UT,37.155,-113.88,Washington,Washington County,49053
WWF52,162.475,Hopi Point,AZ,AZ,36.07168,-112.154731,Coconino,Coconino County,04005
WWF53,162.525,Guin,AL,AL,33.937139,-87.875111,Marion,Marion County,01093
WWF54,162.525,Auburn,AL,AL,32.622078,-85.501314,Lee,Lee County,01081
WWF55,162.500,ToddTown,AL,AL,31.594722,-87.845278,Clarke,Clarke County,01025
WWF56,162.450,Richland,WA,WA,46.397387,-119.599561,Benton,Benton County,53005
WWF58,162.475,Brundage Mtn.,ID,ID,45.008139,-116.134417,Adams,Adams County,16003
WWF59,162.475,Corey Peak,CA,NV,38.457222,-118.763611,Mineral,Mineral County,32021
WWF60,162.500,Biscoe,NC,NC,35.406389,-79.998889,Montgomery,Montgomery County,37123
WWF62,162.475,Broadcast Peak,CA,CA,34.525056,-119.958972,Santa Barbara,Santa Barbara County,06083
WWF64,162.450,Mt. Umunhum,CA,CA,37.155,-121.8983,Santa Clara,Santa Clara County,06085
WWF66,162.450,Cullman,AL,AL,34.171389,-86.844167,Cullman,Cullman County,01043
WWF67,162.400,Wolf Creek Mtn.,CA,CA,39.133056,-121.099167,Nevada,Nevada County,06057
WWF69,162.425,Fort Pierce,FL,FL,27.4489,-80.4089,St. Lucie,St. Lucie County,12111
WWF70,162.500,Waters,MI,MI,44.90741,-84.71906,Otsego,Otsego County,26137
WWF75,162.525,Crawford County,MO,MO,38.168944,-91.218806,Crawford,Crawford County,29055
WWF76,162.475,Summersville,MO,MO,37.180694,-91.665833,Texas,Texas County,29215
WWF77,162.525,Bethune,CO,CO,39.272222,-102.398333,Kit Carson,Kit Carson County,08063
WWF80,162.500,Powell Butte,OR,OR,44.197528,-120.977861,Crook,Crook County,41013
WWF81,162.550,Prospect Peak,NV,NV,39.449722,-115.9989,Eureka,Eureka County,32011
WWF82A,162.525,Richmond EOC,KY,KY,37.7744,-84.324611,Madison,Madison County,21151
WWF82B,162.525,Jolly Ridge,KY,KY,37.777222,-84.436111,Madison,Madison County,21151
WWF82C,162.525,Big Hill,KY,KY,37.6181,-84.2619,Madison,Madison County,21151
WWF82D,162.525,Moberly,KY,KY,37.7436,-84.1825,Madison,Madison County,21151
WWF83,162.475,Grand Forks,MN,ND,47.921861,-97.097694,Grand Forks,Grand Forks County,38035
WWF84,162.425,Flanigan Hill,TN,TN,35.459186,-87.130111,Maury,Maury County,47119
WWF85,162.525,Ocala,FL,FL,29.178065,-82.15912,Marion,Marion County,12083
WWF86,162.500,East Point,FL,FL,29.7325,-84.89,Franklin,Franklin County,12037
WWF87,162.425,Lenora,KS,KS,39.573333,-99.986111,Norton,Norton County,20137
WWF88,162.425,Salem,FL,FL,29.912944,-83.444167,Taylor,Taylor County,12123
WWF90,162.450,Ingram,TX,TX,30.009861,-99.262778,Kerr,Kerr County,48265
WWF91,162.425,Fowler Hill,TX,TX,30.599111,-98.624389,Llano,Llano County,48299
WWF92,162.450,Scobey,MT,MT,48.801389,-105.346667,Daniels,Daniels County,30019
WWF93,162.475,Makoshika Peak,MT,MT,47.052222,-104.6725,Dawson,Dawson County,30021
WWF94,162.425,Neahkahnie Mtn.,OR,OR,45.743889,-123.940778,Tillamook,Tillamook County,41057
WWF95,162.475,Cape Mears,OR,OR,45.466139,-123.920917,Tillamook,Tillamook County,41057
WWF96,162.525,Mt. Nebo,AR,AR,35.218306,-93.256056,Yell,Yell County,05149
WWF97,162.475,Ashland,CA,OR,42.081111,-122.716111,Jackson,Jackson County,41029
WWF98,162.525,Mingus Mtn.,AZ,AZ,34.70121,-112.11801,Yavapai,Yavapai County,04025
WWF99,162.550,Piney Hill,AZ,AZ,35.761034,-109.167805,Apache,Apache County,04001
WWG20,162.450,Virginia Peak,CA,NV,39.754167,-119.462222,Washoe,Washoe County,32031
WWG21,162.450,Beeks Place,CA,CA,33.817639,-117.635861,Orange,Orange County,06059
WWG22,162.550,Tribune,KS,KS,38.456333,-101.642583,Greeley,Greeley County,20071
WWG23,162.500,Miller Mesa,CO,CO,37.908728,-103.437073,Otero,Otero County,08089
WWG24,162.425,Port Townsend,WA,WA,48.016028,-122.927194,Jefferson,Jefferson County,53031
WWG25,162.425,Devils Lake,ND,ND,48.194139,-98.903917,Ramsey,Ramsey County,38071
WWG26,162.425,Jackson,KY,KY,37.5911,-83.3136,Breathitt,Breathitt County,21025
WWG27,162.550,South Point,HI,HI,19.002584,-155.674811,Hawaii,Hawaii County,15001
WWG28,162.525,Paintsville,KY,KY,37.844594,-82.668017,Johnson,Johnson County,21115
WWG32,162.425,Great Valley,NY,NY,42.256667,-78.695,Cattaraugus,Cattaraugus County,36009
WWG33,162.450,Margarettsville,NC,NC,36.513686,-77.332105,Northampton,Northampton County,37131
WWG34,162.550,Brownsville,TX,,25.910278,-97.5305,,,
WWG36,162.450,Roswell,NM,NM,33.363056,-104.636389,Chaves,Chaves County,35005
WWG39,162.475,Soldotna,AK,AK,60.48942,-151.0713,Kenai Peninsula,Kenai Peninsula Borough,02122
WWG40,162.425,Bay City,TX,TX,28.980278,-95.999722,Matagorda,Matagorda County,48321
WWG41,162.425,Mt. Ord,AZ,AZ,33.905088,-111.408429,Maricopa,Maricopa County,04013
WWG42,162.500,Signal Peak,AZ,AZ,33.293056,-110.835833,Gila,Gila County,04007
WWG43,162.500,Sunlight Peak,CO,CO,39.425556,-107.379167,Garfield,Garfield County,08045
WWG44,162.425,Olney Spring,CO,CO,38.180278,-104.021944,Crowley,Crowley County,08025
WWG46,162.500,Woodward,OK,OK,36.389139,-99.343639,Woodward,Woodward County,40153
WWG47,162.525,Gideon,AR,MO,36.364222,-89.864083,Pemiscot,Pemiscot County,29155
WWG48,162.450,Doniphan,MO,MO,36.658333,-90.793333,Ripley,Ripley County,29181
WWG49,162.500,Fredericktown,MO,MO,37.453806,-90.376083,Madison,Madison County,29123
WWG50,162.425,Burke Mtn.,NH,VT,44.571111,-71.894167,Caledonia,Caledonia County,50005
WWG51,162.450,Youngsville,PA,PA,41.745365,-79.264713,Warren,Warren County,42123
WWG52,162.525,Three Springs,PA,PA,40.293735,-77.966444,Huntingdon,Huntingdon County,42061
WWG53,162.425,Parker,PA,PA,41.139861,-79.754028,Butler,Butler County,42019
WWG54,162.500,Rea Valley,AR,AR,36.202639,-92.558111,Marion,Marion County,05089
WWG55,162.500,Rutersville,TX,TX,29.951306,-96.774389,Fayette,Fayette County,48149
WWG56,162.500,Youngstown,OH,OH,41.058889,-80.646111,Mahoning,Mahoning County,39099
WWG57,162.450,Butler,OH,OH,40.582861,-82.473611,Richland,Richland County,39139
WWG59,162.400,Venice,FL,FL,27.133056,-82.394444,Sarasota,Sarasota County,12115
WWG60,162.450,Tea Table Key,FL,,24.8957,-80.6638,,,
WWG61,162.550,Rotten Point,KY,KY,37.909089,-83.925739,Powell,Powell County,21197
WWG62,162.525,Pineville,KY,KY,36.730278,-83.773611,Bell,Bell County,21013
WWG63,162.475,Frenchburg,KY,KY,37.935504,-83.613547,Menifee,Menifee County,21165
WWG64,162.450,McKee,KY,KY,37.415194,-84.008669,Jackson,Jackson County,21109
WWG65,162.475,London,KY,KY,37.146656,-84.106809,Laurel,Laurel County,21125
WWG66,162.400,Manchester,KY,KY,37.147486,-83.69179,Clay,Clay County,21051
WWG67,162.500,Bear Track,KY,KY,37.625702,-83.77203,Lee,Lee County,21129
WWG68,162.450,Grey's Knob,KY,KY,36.787834,-83.290954,Harlan,Harlan County,21095
WWG69,162.400,Pikeville,KY,KY,37.285045,-82.524559,Pike,Pike County,21195
WWG70,162.425,Mount Vernon,KY,KY,37.339906,-84.383093,Rockcastle,Rockcastle County,21203
WWG71,162.400,Morehead,KY,KY,38.177309,-83.404723,Rowan,Rowan County,21205
WWG72,162.500,Georgia,IN,IN,38.734722,-86.578611,Lawrence,Lawrence County,18093
WWG73,162.525,Seymour,IN,IN,38.958889,-85.878611,Jackson,Jackson County,18071
WWG74,162.400,Waimea (Koke'e),HI,HI,22.1197,-159.6672,Kauai,Kauai County,15007
WWG75,162.400,Mt. Haleakala,HI,HI,20.707361,-156.258611,Maui,Maui County,15009
WWG76,162.550,Kulani Cone (Hawaii),HI,HI,19.554529,-155.308812,Hawaii,Hawaii County,15001
WWG77,162.425,Sumter,SC,SC,33.881111,-80.270556,Sumter,Sumter County,45085
WWG78,162.500,Williamsburg,KY,KY,36.671143,-84.221466,Whitley,Whitley County,21235
WWG79,162.450,West Liberty,KY,KY,37.941944,-83.220278,Morgan,Morgan County,21175
WWG80,162.425,Monticello,KY,KY,36.844729,-84.773417,Wayne,Wayne County,21231
WWG81,162.500,Dicks Knob,KY,KY,37.500959,-82.227513,Pike,Pike County,21195
WWG82,162.525,Joanna  Bald Mtn.,NC,NC,35.257853,-83.795475,Graham,Graham County,37075
WWG83,162.425,Edwardsport,IN,IN,38.8417,-87.267222,Knox,Knox County,18083
WWG84,162.500,Conrad,MT,MT,48.33,-112.035556,Pondera,Pondera County,30073
WWG85,162.475,Malta,MT,MT,48.3494,-107.834722,Phillips,Phillips County,30071
WWG86,162.500,Bloomington,IA,WI,42.902385,-90.946542,Grant,Grant County,55043
WWG87,162.500,Fond Du Lac,WI,WI,43.815833,-88.320278,Fond du Lac,Fond du Lac County,55039
WWG88,162.450,Crandon,WI,WI,45.572222,-88.883889,Forest,Forest County,55041
WWG89,162.475,Ash Ridge,WI,WI,43.498889,-90.541111,Richland,Richland County,55103
WWG90,162.425,Milton - Rock County,IL,WI,42.773889,-89.005556,Rock,Rock County,55105
WWG91,162.525,Sheboygan,WI,WI,43.765556,-87.766389,Sheboygan,Sheboygan County,55117
WWG92,162.525,Naples,FL,FL,26.183111,-81.574722,Collier,Collier County,12021
WWG93,162.475,Junction,TX,TX,30.478056,-99.752778,Kimble,Kimble County,48267
WWG94,162.525,Richland Springs,TX,TX,31.2525,-99.002778,San Saba,San Saba County,48411
WWG97,162.425,Altus,OK,OK,34.511028,-99.333139,Jackson,Jackson County,40065
WWG98,162.475,Park Rapids,MN,MN,46.984722,-95.106167,Hubbard,Hubbard County,27057
WWG99,162.500,Black Mountain,ID,ID,48.610278,-116.256667,Boundary,Boundary County,16021
WWH20,162.450,Westville,AL,FL,30.8275,-85.926944,Holmes,Holmes County,12059
WWH22,162.500,Beaumont,KS,KS,37.58628,-96.54489,Butler,Butler County,20015
WWH23,162.425,Buchanan,GA,GA,33.784,-85.161444,Haralson,Haralson County,13143
WWH24,162.425,Currahee Mtn.,GA,GA,34.529444,-83.376111,Stephens,Stephens County,13257
WWH25,162.425,Metter,GA,GA,32.394791,-82.042997,Candler,Candler County,13043
WWH26,162.425,Mamie,NC,NC,36.1358,-75.8242,Currituck,Currituck County,37053
WWH27,162.425,Sillusi Butte,OR,WA,45.980333,-119.295861,Benton,Benton County,53005
WWH28,162.425,Robinson Hill,OR,OR,45.350333,-119.509722,Morrow,Morrow County,41049
WWH30,162.500,Dyersburg,AR,TN,36.057611,-89.440944,Dyer,Dyer County,47045
WWH31,162.500,Hahira,FL,GA,30.970278,-83.286667,Lowndes,Lowndes County,13185
WWH32,162.450,Boyero,CO,CO,39.095514,-103.236994,Lincoln,Lincoln County,08073
WWH33,162.500,Mohawk Mtn.,CT,CT,41.821111,-73.296667,Northwest Hills,Northwest Hills Planning Region,09160
WWH34,162.425,Walton,NY,NY,42.1112,-75.1014,Delaware,Delaware County,36025
WWH35,162.450,Cornish Hill Rd.,NY,NY,42.678889,-74.899722,Otsego,Otsego County,36077
WWH36,162.450,Mitchell,SD,SD,43.697917,-98.044222,Davison,Davison County,46035
WWH37,162.500,Clarksville,KY,TN,36.516389,-87.336944,Montgomery,Montgomery County,47125
WWH38,162.525,Grove,AR,OK,36.455,-94.779167,Delaware,Delaware County,40041
WWH39,162.425,Arco,GA,GA,31.194167,-81.491667,Glynn,Glynn County,13127
WWQ50,162.425,Texline,NM,TX,36.274622,-102.854634,Dallam,Dallam County,48111
WWQ51,162.525,Stratford,OK,TX,36.336111,-102.071667,Sherman,Sherman County,48421
WXJ20,162.400,West Columbia,SC,SC,34.118611,-80.936667,Richland,Richland County,45079
WXJ21,162.550,Paris Mtn.,NC,SC,34.940556,-82.410556,Greenville,Greenville County,45045
WXJ22,162.550,Pockett Rd.,SC,SC,34.280109,-79.742858,Darlington,Darlington County,45031
WXJ23,162.450,Green Pond,GA,SC,32.712222,-80.680278,Colleton,Colleton County,45029
WXJ24,162.400,Diamond Ridge,AK,AK,59.68081,-151.61774,Kenai Peninsula,Kenai Peninsula Borough,02122
WXJ25,162.550,Juneau,AK,AK,58.301746,-134.42035,Juneau,Juneau City and Borough,02110
WXJ26,162.550,Point Higgins,AK,AK,55.460822,-131.810428,Ketchikan Gateway,Ketchikan Gateway Borough,02130
WXJ28,162.450,Jesup,GA,GA,31.674167,-81.886667,Wayne,Wayne County,13305
WXJ30,162.425,Americus,GA,GA,32.0625,-84.2125,Sumter,Sumter County,13261
WXJ31,162.500,Thomaston,GA,GA,32.986278,-84.365667,Upson,Upson County,13293
WXJ33,162.550,Tesuque Peak,NM,NM,35.785556,-105.781944,Santa Fe,Santa Fe County,35049
WXJ34,162.400,Albuquerque,NM,NM,35.065556,-106.787778,Bernalillo,Bernalillo County,35001
WXJ35,162.475,Portales,NM,NM,34.252222,-103.239444,Roosevelt,Roosevelt County,35041
WXJ36,162.400,Maljamar,NM,NM,32.704306,-103.566667,Lea,Lea County,35025
WXJ37,162.475,Farmington,CO,NM,36.695833,-108.220556,San Juan,San Juan County,35045
WXJ38,162.550,Sierra Blanca,NM,NM,33.403889,-105.782222,Lincoln,Lincoln County,35027
WXJ39,162.400,Johnston,MA,RI,41.805,-71.4733,Providence,Providence County,44007
WXJ40,162.400,Plausawa Hill,NH,NH,43.219444,-71.440278,Merrimack,Merrimack County,33013
WXJ41,162.475,Soapstone Mtn.,CT,CT,41.958611,-72.413611,Capitol,Capitol Planning Region,09110
WXJ42,162.400,West Peak,CT,CT,41.563056,-72.845,South Central Connecticut,South Central Connecticut Planning Region,09170
WXJ43,162.550,Bootlegger Hill,MT,MT,47.606401,-111.318561,Cascade,Cascade County,30013
WXJ45,162.500,Deer Trail,CO,CO,39.594594,-103.990045,Arapahoe,Arapahoe County,08005
WXJ46,162.475,Miamisburg,IN,OH,39.658333,-84.316667,Montgomery,Montgomery County,39113
WXJ47,162.475,High Hill,OH,OH,39.836667,-81.770556,Muskingum,Muskingum County,39119
WXJ48,162.475,Gurdon,AR,AR,33.907389,-93.113056,Clark,Clark County,05019
WXJ49,162.550,Texarkana,AR,TX,33.448,-94.066833,Bowie,Bowie County,48037
WXJ50,162.550,Ft. Chaffee,AR,AR,35.294417,-94.305278,Sebastian,Sebastian County,05131
WXJ51,162.550,Bono,AR,AR,35.9039,-90.7706,Craighead,Craighead County,05031
WXJ52,162.475,Winslow,AR,AR,35.814333,-94.028194,Washington,Washington County,05143
WXJ53,162.525,Wauka Mtn.,GA,GA,34.509472,-83.806639,White,White County,13311
WXJ54,162.400,Star City,AR,AR,33.954306,-91.878972,Lincoln,Lincoln County,05079
WXJ55,162.550,Shinall Mtn.,AR,AR,34.799722,-92.499444,Pulaski,Pulaski County,05119
WXJ57,162.400,Mishawaka,IN,IN,41.616111,-86.192222,St. Joseph,St. Joseph County,18141
WXJ58,162.550,Fort Wayne,IN,IN,41.103611,-85.191111,Allen,Allen County,18003
WXJ60,162.475,Northwood,FL,FL,29.7094,-82.3903,Alachua,Alachua County,12001
WXJ61,162.425,La Russell,KS,MO,37.164222,-94.0053,Lawrence,Lawrence County,29109
WXJ62,162.550,Fort Davis,AK,AK,64.486667,-165.3025,Nome,Nome Census Area,02180
WXJ63,162.550,Valdez,AK,AK,61.130437,-146.352503,Chugach,Chugach Census Area,02063
WXJ64,162.550,Omen Lake,MN,MN,46.551944,-94.520833,Cass,Cass County,27021
WXJ65,162.450,Choctaw,AR,OK,34.245944,-94.783139,McCurtain,McCurtain County,40089
WXJ68,162.550,Monte Del Estado,PR,PR,18.1481,-66.9831,Maricao,Maricao Municipio,72093
WXJ69,162.400,Aguas Buenas,PR,PR,18.265,-66.085,Aguas Buenas,Aguas Buenas Municipio,72007
WXJ70,162.550,Melbourne,FL,FL,28.2283,-80.7567,Brevard,Brevard County,12009
WXJ71,162.475,East Peoria,IL,IL,40.628889,-89.57,Tazewell,Tazewell County,17179
WXJ72,162.450,Taylors Ridge,AL,GA,34.469028,-85.297306,Chattooga,Chattooga County,13055
WXJ73,162.550,Rock Island,IA,IL,41.51,-90.574444,Rock Island,Rock Island County,17161
WXJ75,162.400,Springfield,IL,IL,39.7833,-89.4461,Sangamon,Sangamon County,17167
WXJ76,162.550,Seymour,IL,IL,40.1058,-88.449667,Champaign,Champaign County,17019
WXJ78,162.550,Woman's Bay,AK,AK,57.7344,-152.5014,Kodiak Island,Kodiak Island Borough,02150
WXJ79,162.400,Ski Hill,AK,AK,60.549944,-145.749552,Chugach,Chugach Census Area,02063
WXJ80,162.550,Biorka Island,AK,AK,57.0472,-135.3669,Sitka,Sitka City and Borough,02220
WXJ81,162.550,Ester Dome,AK,AK,64.8789,-148.0558,Fairbanks North Star,Fairbanks North Star Borough,02090
WXJ83,162.400,Wrangell,AK,AK,56.472495,-132.386953,Wrangell,Wrangell City and Borough,02275
WXJ84,162.400,Charleston,WV,WV,38.356833,-81.605333,Kanawha,Kanawha County,54039
WXJ85,162.550,Bridgeport,WV,WV,39.300003,-80.291309,Harrison,Harrison County,54033
WXJ86,162.550,LaCrescent,IA,MN,43.804722,-91.368333,Houston,Houston County,27055
WXJ87,162.550,Middleton Junction,WI,WI,43.055833,-89.535,Dane,Dane County,55025
WXJ88,162.400,Wheeler,WI,WI,45.046944,-91.863333,Dunn,Dunn County,55033
WXJ89,162.475,Marathon,WI,WI,44.9206,-89.6919,Marathon,Marathon County,55073
WXJ91,162.525,Madisonville,KY,KY,37.190278,-87.513056,Hopkins,Hopkins County,21107
WXJ92,162.500,Macomb,IL,IL,40.427778,-90.682778,McDonough,McDonough County,17109
WXJ93,162.400,Cridersville,OH,OH,40.634167,-84.208056,Auglaize,Auglaize County,39011
WXJ94,162.550,Green Hill,DE,DE,38.6269,-75.2317,Sussex,Sussex County,10005
WXJ95,162.400,Summerland Key,FL,FL,24.6598,-81.5383,Monroe,Monroe County,12087
WXJ96,162.550,Monroe,LA,LA,32.527694,-92.102222,Ouachita,Ouachita Parish,22073
WXJ97,162.400,Lake View,LA,LA,32.575806,-93.8686,Caddo,Caddo Parish,22017
WXJ98,162.400,Amistad Village,TX,TX,29.4681,-101.01145,Val Verde,Val Verde County,48465
WXK20,162.550,Paris,OK,TX,33.6164,-95.547111,Lamar,Lamar County,48277
WXK22,162.475,Sherman/Denison,OK,TX,33.702833,-96.56825,Grayson,Grayson County,48181
WXK23,162.550,Lufkin,TX,TX,31.296111,-94.714167,Angelina,Angelina County,48005
WXK24,162.450,Odell,IL,IL,40.9925,-88.598056,Livingston,Livingston County,17105
WXK25,162.475,COMANCHE PEAK,NM,TX,31.796111,-106.483056,El Paso,El Paso County,48141
WXK26,162.475,Laredo,TX,TX,27.5203,-99.5222,Webb,Webb County,48479
WXK27,162.400,Austin,TX,TX,30.3219,-97.8033,Travis,Travis County,48453
WXK28,162.475,Beaumont,TX,TX,30.13327,-94.11866,Jefferson,Jefferson County,48245
WXK29,162.400,Clyde,TX,TX,32.275556,-99.590278,Callahan,Callahan County,48059
WXK30,162.550,College Station,TX,TX,30.6431,-96.3314,Brazos,Brazos County,48041
WXK31,162.475,Wichita Falls,OK,TX,33.881972,-98.601611,Wichita,Wichita County,48485
WXK32,162.400,Odessa,TX,TX,31.845186,-102.469992,Ector,Ector County,48135
WXK33,162.550,San Angelo,TX,TX,31.623278,-100.437722,Tom Green,Tom Green County,48451
WXK34,162.400,Victoria,TX,TX,28.8356,-97.116667,Victoria,Victoria County,48469
WXK35,162.475,Moody,TX,TX,31.314833,-97.326972,McLennan,McLennan County,48309
WXK36,162.475,Lindale,TX,TX,32.4856,-95.4831,Smith,Smith County,48423
WXK37,162.475,Big Spring,TX,TX,32.2818,-101.493099,Howard,Howard County,48227
WXK38,162.550,Amarillo,TX,TX,35.374889,-101.882611,Potter,Potter County,48375
WXK40,162.400,Janesville,MN,MN,44.087722,-93.701778,Waseca,Waseca County,27161
WXK41,162.475,Viola,MN,MN,44.0625,-92.351944,Olmsted,Olmsted County,27109
WXK42,162.475,Fargo,MN,ND,47.012417,-97.195056,Cass,Cass County,38017
WXK43,162.550,Thief River Falls,MN,MN,48.119924,-96.205269,Pennington,Pennington County,27113
WXK44,162.475,New London,MN,MN,45.3428,-95.007917,Kandiyohi,Kandiyohi County,27067
WXK45,162.550,Little Fork,MN,MN,48.389722,-93.55,Koochiching,Koochiching County,27071
WXK46,162.475,Sharps Ridge,TN,TN,35.9991,-83.9497,Knox,Knox County,47093
WXK47,162.550,Holston Mtn.,NC,TN,36.4429,-82.1203,Carter,Carter County,47019
WXK48,162.550,Chattanooga,GA,TN,35.2072,-85.2864,Hamilton,Hamilton County,47065
WXK49,162.475,Memphis,AR,TN,35.181278,-89.832306,Shelby,Shelby County,47157
WXK52,162.400,Cohutta Mtn.,GA,GA,34.751667,-84.715,Murray,Murray County,13213
WXK53,162.550,Pelham,GA,GA,31.1358,-84.1044,Mitchell,Mitchell County,13205
WXK54,162.550,Wrens,GA,GA,33.2592,-82.285833,Jefferson,Jefferson County,13163
WXK56,162.400,Neese,GA,GA,34.0836,-83.322111,Madison,Madison County,13195
WXK57,162.550,Bechtold Hill,MT,MT,46.239167,-104.335,Fallon,Fallon County,30025
WXK58,162.550,Slide Mtn.,CA,NV,39.3131,-119.8836,Washoe,Washoe County,32031
WXK60,162.550,Norton Hill,TN,TN,35.529694,-88.777083,Madison,Madison County,47113
WXK61,162.400,Anderson,TN,TN,36.171333,-85.231278,Overton,Overton County,47133
WXK62,162.400,McEwen,TN,TN,36.110556,-87.667222,Humphreys,Humphreys County,47085
WXK63,162.475,Beech Grove,TN,TN,35.7025,-86.195833,Cannon,Cannon County,47015
WXK64,162.425,Battle Mountain,NE,SD,43.455278,-103.445556,Fall River,Fall River County,46047
WXK65,162.475,Sandston,VA,VA,37.503056,-77.541667,Chesterfield,Chesterfield County,51041
WXK66,162.400,Hogback Mtn.,MT,MT,46.826389,-111.709167,Lewis and Clark,Lewis and Clark County,30049
WXK67,162.550,San Antonio,TX,TX,29.685389,-98.449611,Bexar,Bexar County,48029
WXK68,162.550,Doe Point,ID,ID,43.754611,-116.095,Boise,Boise County,16015
WXK69,162.400,Monti Bay,AK,AK,59.510673,-139.671921,Yakutat,Yakutat City and Borough,02282
WXK71,162.475,GA Forrestry Comm.,GA,GA,32.805278,-83.538889,Bibb,Bibb County,13021
WXK72,162.400,Brazil,IN,IN,39.568333,-86.886944,Putnam,Putnam County,18133
WXK73,162.400,Painesdale,MI,MI,47.035556,-88.695278,Houghton,Houghton County,26061
WXK74,162.475,Yeoman,IN,IN,40.668889,-86.695556,Carroll,Carroll County,18015
WXK75,162.475,Hasty,GA,GA,31.221389,-82.573333,Ware,Ware County,13299
WXK76,162.400,Mt Elden,AZ,AZ,35.2414,-111.5975,Coconino,Coconino County,04005
WXK78,162.475,Jena,LA,LA,31.63906,-92.20532,LaSalle,LaSalle Parish,22059
WXK79,162.400,New Deal,TX,TX,33.7372,-101.7492,Lubbock,Lubbock County,48303
WXK80,162.550,Youngsville,LA,LA,30.04863,-91.99683,Vermilion,Vermilion Parish,22113
WXK81,162.400,Rossman Rd.,MI,MI,42.4428,-84.572429,Ingham,Ingham County,26065
WXK82,162.475,Hannibal,IL,MO,39.729944,-91.4055,Marion,Marion County,29127
WXK83,162.475,Fort Myers,FL,FL,26.62966,-81.8103,Lee,Lee County,12071
WXK83A,162.500,Avon Park,FL,FL,27.561928,-81.49364,Highlands,Highlands County,12055
WXK84,162.400,Fort Dodge,IA,IA,42.456778,-94.221889,Webster,Webster County,19187
WXK85,162.400,Oklahoma City,OK,OK,35.5681,-97.489111,Oklahoma,Oklahoma County,40109
WXK86,162.550,Lawton,OK,OK,34.591902,-98.548877,Comanche,Comanche County,40031
WXK87,162.525,Arapaho,OK,OK,35.582833,-98.989389,Custer,Custer County,40039
WXK88,162.400,Syme Hill / Ontario OR,ID,ID,43.948139,-116.928722,Payette,Payette County,16075
WXK89,162.550,Dutch Harbor,AK,AK,53.8891,-166.533852,Aleutians West,Aleutians West Census Area,02016
WXK90,162.450,Chesterfield,NC,SC,34.646197,-79.945287,Chesterfield,Chesterfield County,45025
WXK91,162.475,Maple Hill,KS,KS,39.006028,-96.049389,Wabaunsee,Wabaunsee County,20197
WXK92,162.400,Ellsworth,KS,KS,38.8136,-98.1694,Ellsworth,Ellsworth County,20053
WXK93,162.475,Ensign,KS,KS,37.641222,-100.344722,Gray,Gray County,20069
WXK94,162.550,Concordia,KS,KS,39.4389,-97.7053,Cloud,Cloud County,20029
WXK95,162.400,Erie,KS,KS,37.573167,-95.220167,Neosho,Neosho County,20133
WXK96,162.400,Colby,KS,KS,39.4808,-100.91,Thomas,Thomas County,20193
WXK97,162.500,Sudlersville,DE,MD,39.175389,-75.918278,Queen Anne's,Queen Anne's County,24035
WXK98,162.550,Winchester Grade,ID,ID,46.33,-116.632778,Nez Perce,Nez Perce County,16069
WXL22,162.425,Tiskilwa,IL,IL,41.285556,-89.598889,Bureau,Bureau County,17011
WXL23,162.525,Terry Peak,MT,SD,44.328056,-103.834444,Lawrence,Lawrence County,46081
WXL25,162.400,Point Six Mtn.,MT,MT,47.0403,-113.9878,Missoula,Missoula County,30063
WXL26,162.475,Port O'Connor,TX,TX,28.438472,-96.448778,Calhoun,Calhoun County,48057
WXL27,162.550,Emerald Hills,MT,MT,45.805833,-108.349444,Yellowstone,Yellowstone County,30111
WXL28,162.550,West Twin Peak,NV,NV,40.915278,-115.819167,Elko,Elko County,32007
WXL29,162.400,Winnemucca Mtn.,NV,NV,41.011111,-117.7675,Humboldt,Humboldt County,32013
WXL30,162.400,Mt. Lemmon,AZ,AZ,32.440778,-110.788139,Pima,Pima County,04019
WXL31,162.550,Makyes Rd.,NY,NY,42.966667,-76.200278,Onondaga,Onondaga County,36067
WXL32,162.400,Signal Hill,MT,MT,48.031389,-106.315833,McCone,McCone County,30055
WXL33,162.550,Atomic City,ID,ID,43.500833,-112.663333,Bingham,Bingham County,16011
WXL34,162.550,New Scotland,MA,NY,42.636944,-74.001667,Albany,Albany County,36001
WXL35,162.400,Jerome,ID,ID,42.7303,-114.413389,Jerome,Jerome County,16053
WXL36,162.550,Boulder City,NV,NV,35.9969,-114.862778,Clark,Clark County,32003
WXL37,162.475,Illinois Mtn.,CT,NY,41.7192,-73.996389,Ulster,Ulster County,36111
WXL38,162.475,Binghamton,NY,NY,42.0611,-75.9456,Broome,Broome County,36007
WXL39,162.400,Allentown,NJ,PA,40.565,-75.4406,Lehigh,Lehigh County,42077
WXL40,162.550,Blue Mtn.,PA,PA,40.345235,-76.868997,Dauphin,Dauphin County,42043
WXL41,162.475,Buras,LA,LA,29.35545,-89.52424,Plaquemines,Plaquemines Parish,22075
WXL42,162.400,Sauratown Mtn. ,NC,NC,36.37748,-80.3639,Stokes,Stokes County,37169
WXL43,162.550,Penobscot Knob,PA,PA,41.182778,-75.873889,Luzerne,Luzerne County,42079
WXL44,162.500,Ozona,TX,TX,30.739861,-101.270528,Crockett,Crockett County,48105
WXL45,162.400,Fulton,MO,MO,38.8786,-91.981778,Callaway,Callaway County,29027
WXL46,162.400,Fordland,MO,MO,37.2192,-92.9492,Webster,Webster County,29225
WXL47,162.400,Idalia/Sikeston,MO,MO,36.9022,-89.8881,Stoddard,Stoddard County,29207
WXL48,162.475,Drummond,OK,OK,36.287667,-98.03675,Garfield,Garfield County,40047
WXL49,162.475,McAlester,OK,OK,34.976528,-95.717028,Pittsburg,Pittsburg County,40121
WXL50,162.475,Saint Pauls,NC,NC,34.797498,-79.044835,Robeson,Robeson County,37155
WXL51,162.500,Holland,MI,OH,41.625556,-83.711111,Lucas,Lucas County,39095
WXL52,162.550,Clearfield,PA,PA,41.122592,-78.44116,Clearfield,Clearfield County,42033
WXL53,162.400,Squaw Butte,MT,MT,48.494364,-109.714889,Hill,Hill County,30041
WXL54,162.400,Gov't. Hill,MT,MT,46.404444,-105.663333,Custer,Custer County,30017
WXL55,162.400,Montoursvil,PA,PA,41.190185,-76.979783,Lycoming,Lycoming County,42081
WXL56,162.400,Asheville,NC,NC,35.425556,-82.756944,Haywood,Haywood County,37087
WXL57,162.550,Johnston,IA,IA,41.8094,-93.621583,Polk,Polk County,19153
WXL58,162.550,Durham,NC,NC,35.866944,-79.1669,Chatham,Chatham County,37037
WXL59,162.475,Tarboro,NC,NC,35.9014,-77.7831,Edgecombe,Edgecombe County,37065
WXL60,162.475,Poor Mtn.,NC,VA,37.19917,-80.1494,Roanoke,Roanoke County,51161
WXL61,162.475,Cedar Rapids,IA,IA,41.909167,-91.654722,Linn,Linn County,19113
WXL62,162.475,Lawton,IA,IA,42.482139,-96.258306,Woodbury,Woodbury County,19193
WXL63,162.500,Laketown,ID,UT,41.8825,-111.269167,Rich,Rich County,49033
WXL64,162.400,Jamestown,IA,WI,42.5286,-90.613889,Grant,Grant County,55043
WXL65,162.400,St. Cloud,MN,MN,45.577278,-94.204667,Stearns,Stearns County,27145
WXL66,162.450,Fox,AR,AR,35.813111,-92.290028,Stone,Stone County,05137
WXL67,162.475,Angora,NE,NE,41.84,-103.055,Morrill,Morrill County,31123
WXL68,162.550,Sutherland,NE,NE,41.021111,-101.1525,Lincoln,Lincoln County,31111
WXL69,162.400,Cave Mtn.,NV,NV,39.163611,-114.614167,White Pine,White Pine County,32033
WXL70,162.475,Spencer Mtn.,NC,NC,35.297222,-81.114722,Gaston,Gaston County,37071
WXL71,162.525,Abilene,KS,KS,38.797111,-97.217083,Dickinson,Dickinson County,20041
WXL72,162.475,Jefferson,AL,AL,32.362389,-87.87525,Marengo,Marengo County,01091
WXL73,162.475,Bassett,NE,NE,42.338056,-99.488056,Rock,Rock County,31149
WXL74,162.400,Giltner,NE,NE,40.772222,-98.0895,Hamilton,Hamilton County,31081
WXL75,162.475,Atlanta,NE,NE,40.384833,-99.458833,Phelps,Phelps County,31137
WXL76,162.400,Merriman,NE,NE,42.676944,-101.709722,Cherry,Cherry County,31031
WXL77,162.550,Carroll,NE,NE,42.2375,-97.2778,Wayne,Wayne County,31179
WXL78,162.475,St. Anthony,ND,ND,46.588056,-100.8125,Morton,Morton County,38059
WXL79,162.550,Xl Heights,MT,MT,46.0075,-112.441667,Silver Bow,Silver Bow County,30093
WXL80,162.400,Daglum,ND,ND,46.725,-102.916111,Stark,Stark County,38089
WXL81,162.550,Cable Serv. Tower/Ypsilanti,ND,ND,46.776667,-98.522222,Stutsman,Stutsman County,38093
WXL82,162.550,Blacktail Mtn.,MT,MT,48.011667,-114.364167,Flathead,Flathead County,30029
WXL83,162.400,South Prarie,ND,ND,48.050833,-101.39,Ward,Ward County,38101
WXL84,162.550,Williston,MT,ND,48.141667,-103.892778,Williams,Williams County,38105
WXL85,162.400,Nugget Butte,OR,OR,42.42794,-123.002217,Jackson,Jackson County,41029
WXL86,162.400,Spokane Mtn.,ID,WA,47.921667,-117.113333,Spokane,Spokane County,53063
WXL87,162.550,Black Mtn.,AZ,CA,33.0536,-114.8278,Imperial,Imperial County,06025
WXL88,162.550,South Fork Mtn.,CA,CA,40.654444,-122.523611,Shasta,Shasta County,06089
WXL89,162.550,Shirley Peak,CA,CA,35.706194,-118.560306,Kern,Kern County,06029
WXL90,162.550,Sierra Grande,NM,NM,36.705556,-103.876667,Union,Union County,35059
WXL91,162.400,Tortugas Mtn.,NM,NM,32.292556,-106.697528,Doña Ana,Doña Ana County,35013
WXL92,162.550,Madison Heights,VA,VA,37.43665,-79.1241,Amherst,Amherst County,51009
WXL93,162.550,Paxton,CT,MA,42.303889,-71.8975,Worcester,Worcester County,25027
WXL94,162.550,Bremer,IA,IA,42.772583,-92.376778,Bremer,Bremer County,19017
WXL95,162.400,Spout Springs,OR,OR,45.747009,-118.03772,Union,Union County,41061
WXL96,162.475,Prospect Hill,OR,OR,44.846889,-123.110917,Marion,Marion County,41047
WXL97,162.550,Hogback Mtn.,CA,OR,42.243056,-121.705,Klamath,Klamath County,41035
WXL98,162.550,Dodson Mtn.,OR,OR,43.119167,-123.242778,Douglas,Douglas County,41019
WXL99,162.450,Kahoka,IA,MO,40.4428,-91.8056,Clark,Clark County,29045
WXM20,162.475,Lincoln,NE,NE,40.821444,-96.662139,Lancaster,Lancaster County,31109
WXM22,162.400,Mount Logan,ID,UT,41.713611,-111.717222,Cache,Cache County,49005
WXM23,162.400,Asphalt Ridge,UT,UT,40.41391,-109.593289,Uintah,Uintah County,49047
WXM24,162.400,Frisco Peak,UT,UT,38.5197,-113.2867,Beaver,Beaver County,49001
WXM25,162.475,Bath,ND,SD,45.4658,-98.3367,Brown,Brown County,46013
WXM26,162.400,Presho Tower,SD,SD,44.4233,-100.354167,Hughes,Hughes County,46065
WXM27,162.550,Wessington,SD,SD,44.3997,-98.8011,Hand,Hand County,46059
WXM28,162.400,Rowena,IA,SD,43.518722,-96.534917,Minnehaha,Minnehaha County,46099
WXM31,162.400,Hawley Hill,NY,NY,42.106111,-76.871111,Chemung,Chemung County,36015
WXM32,162.400,Phenix City,AL,AL,32.4667,-85.0561,Russell,Russell County,01113
WXM33,162.400,Laurel Hill,PA,PA,40.371218,-78.982065,Cambria,Cambria County,42021
WXM34,162.400,Columbia Gorge,OR,WA,45.711858,-121.11673,Klickitat,Klickitat County,53039
WXM35,162.450,Hays,KS,KS,39.0208,-99.470722,Ellis,Ellis County,20051
WXM36,162.550,Lancaster,IA,MO,40.497778,-92.528889,Schuyler,Schuyler County,29197
WXM37,162.550,Pole Mtn.,WY,WY,41.288056,-105.445,Albany,Albany County,56001
WXM38,162.400,Dahlen,MN,ND,48.138389,-97.993556,Nelson,Nelson County,38063
WXM39,162.525,La Plata,MO,MO,39.955556,-92.4925,Macon,Macon County,29121
WXM40,162.500,Selby,ND,SD,45.397222,-99.941389,Walworth,Walworth County,46129
WXM41,162.425,South Shore,MN,SD,45.178889,-97.015833,Grant,Grant County,46051
WXM42,162.475,Clear Spring,MD,MD,39.651111,-77.970833,Washington,Washington County,24043
WXM43,162.425,Midland (Frostburg),MD,MD,39.582167,-78.898667,Allegany,Allegany County,24001
WXM44,162.475,Mount Ascutney,NH,VT,43.4439,-72.454722,Windsor,Windsor County,50027
WXM45,162.425,Herkimer County,NY,NY,43.1025,-74.938607,Herkimer,Herkimer County,36043
WXM46,162.475,Banner Peak,MT,WY,44.601944,-106.931667,Sheridan,Sheridan County,56033
WXM47,162.400,Casper Mtn.,WY,WY,42.734167,-106.333333,Natrona,Natrona County,56025
WXM48,162.475,Birch Mtn,WA,WA,47.549849,-120.371015,Chelan,Chelan County,53007
WXM49,162.425,Goreville,IL,IL,37.557222,-89.023333,Johnson,Johnson County,17087
WXM50,162.400,Point of Rocks,CO,CO,40.485747,-104.349355,Weld,Weld County,08123
WXM51,162.475,Highland,CO,CO,40.240081,-105.055268,Boulder,Boulder County,08013
WXM52,162.400,Pueblo,CO,CO,38.275556,-104.598611,Pueblo,Pueblo County,08101
WXM53,162.400,Sterling,CO,CO,40.615087,-103.031822,Logan,Logan County,08075
WXM54,162.475,Agua Ramon Mountain,CO,CO,37.729444,-106.588056,Rio Grande,Rio Grande County,08105
WXM55,162.550,Rapid Creek,CO,CO,39.0836,-108.2194,Mesa,Mesa County,08077
WXM56,162.475,Cheyenne Mountain,CO,CO,38.7425,-104.8647,El Paso,El Paso County,08041
WXM57,162.400,Heathsville,MD,VA,37.906083,-76.485528,Northumberland,Northumberland County,51133
WXM58,162.400,Belle Glade,FL,FL,26.661111,-80.636611,Palm Beach,Palm Beach County,12099
WXM59,162.475,Little Flat Mtn.,PA,PA,40.752628,-77.754144,Centre,Centre County,42027
WXM60,162.450,Howell Township/Lakewood,NJ,NJ,40.139866,-74.224193,Monmouth,Monmouth County,34025
WXM61,162.475,Lander,WY,WY,42.815539,-108.734083,Fremont,Fremont County,56013
WXM62,162.475,Olympia,WA,WA,46.975222,-123.139167,Thurston,Thurston County,53067
WXM63,162.550,Cabot Hill,SD,SD,44.1144,-103.2433,Pennington,Pennington County,46103
WXM64,162.400,Detroit Lakes,MN,MN,46.822778,-95.861028,Becker,Becker County,27005
WXM65,162.525,Plant Hatch,GA,GA,31.929722,-82.345,Appling,Appling County,13001
WXM66,162.500,San Bernardino National Forest,CA,CA,34.232361,-117.234694,San Bernardino,San Bernardino County,06071
WXM68,162.425,Leyden,MA,MA,42.6981,-72.605,Franklin,Franklin County,25011
WXM69,162.525,Moon Ridge,KY,OH,38.893056,-83.255,Scioto,Scioto County,39145
WXM70,162.500,Milwood,OH,WV,38.97575,-81.532722,Wirt,Wirt County,54105
WXM71,162.550,Flat Top,VA,WV,37.590556,-81.115,Mercer,Mercer County,54055
WXM72,162.425,Keeney Mtn.,VA,WV,37.77359,-80.7055,Summers,Summers County,54089
WXM73,162.400,Branch Mtn.,MD,WV,38.9825,-78.908611,Hardy,Hardy County,54031
WXM74,162.450,Flatwood Mountain,WV,WV,38.7114,-80.681944,Braxton,Braxton County,54007
WXM75,162.475,Horsepen Mtn.,VA,WV,37.641389,-81.993889,Logan,Logan County,54045
WXM77,162.525,Mars Hill,ME,ME,46.551288,-67.809185,Aroostook,Aroostook County,23003
WXM78,162.450,Indiana University,IN,IN,39.164167,-86.521111,Monroe,Monroe County,18105
WXM80,162.475,Riverhead,CT,NY,40.8825,-72.715278,Suffolk,Suffolk County,36103
WXM81,162.450,Lake PomDeTerre,MO,MO,37.905444,-93.317028,Hickory,Hickory County,29085
WXM85,162.400,Mount Alutom,GU,GU,13.4333,144.7125,Guam,Guam,66010
WXM86,162.550,Mount Tapochau,MP,MP,15.1865,145.743819,Saipan,Saipan Municipality,69110
WXM87,162.475,Wray,CO,CO,40.054167,-102.225556,Yuma,Yuma County,08125
WXM89,162.550,Navajo Mountain,AZ,UT,37.034444,-110.868611,San Juan,San Juan County,49037
WXM90,162.525,Jacksonville,IL,IL,39.6667,-90.341667,Morgan,Morgan County,17137
WXM91,162.500,Park Falls,WI,WI,45.945278,-90.274444,Price,Price County,55099
WXM92,162.450,Black Hollow,CO,CO,40.570302,-105.079238,Larimer,Larimer County,08069
WXM93,162.475,Cross,SC,SC,33.3686,-80.116434,Berkeley,Berkeley County,45015
WXM94,162.475,Wellsboro,PA,PA,41.737033,-77.363552,Tioga,Tioga County,42117
WXM95,162.525,Troy,NY,PA,41.810556,-76.716944,Bradford,Bradford County,42015
WXM97,162.400,Haines,AK,AK,59.247378,-135.435426,Haines,Haines Borough,02100
WXM98,162.450,Marion,IN,IN,40.5969,-85.6558,Grant,Grant County,18053
WXM99,162.425,Bemidji,MN,MN,47.555833,-94.801361,Beltrami,Beltrami County,27007
WXN21,162.400,Sky Meadows,WA,WA,47.137333,-120.869667,Kittitas,Kittitas County,53037
WXN24,162.425,Artesia,NM,NM,32.800611,-104.198654,Eddy,Eddy County,35015
WXN28,162.500,Lakeville,ME,ME,45.344444,-68.095,Penobscot,Penobscot County,23019
WXN29,162.425,Call Hill,NY,NY,42.211111,-77.689444,Steuben,Steuben County,36101
WXN55,162.450,Bath,NY,NY,42.355556,-77.266111,Steuben,Steuben County,36101
WXN59,162.500,Ithaca,NY,NY,42.418611,-76.493889,Tompkins,Tompkins County,36109
WXN61,162.500,Sidney,NE,NE,41.184167,-103.193611,Cheyenne,Cheyenne County,31033
WXN68,162.475,Miser Hill,NY,NY,43.961225,-75.8078,Jefferson,Jefferson County,36045
WXN69,162.425,Sister Bay,MI,WI,45.237887,-87.091394,Door,Door County,55029
WXN72,162.500,Broken Bow,NE,NE,41.387222,-99.820833,Custer,Custer County,31041
WXN74,162.500,Hickman,TN,TN,36.1447,-85.9111,Smith,Smith County,47159
WXN81,162.450,Ulysses,KS,KS,37.505115,-101.470286,Grant,Grant County,20067
WXN82,162.450,Valentine,NE,NE,42.888611,-100.553333,Cherry,Cherry County,31031
WXN83,162.525,Burlington,IA,IA,40.833889,-91.212778,Des Moines,Des Moines County,19057
WXN85,162.400,Fairfield,IA,IA,41.089289,-91.968285,Jefferson,Jefferson County,19101
WXN87,162.500,Natchitoches,LA,LA,31.787,-93.205,Natchitoches,Natchitoches Parish,22069
WXN88,162.525,Belden (AG),ND,ND,48.071667,-102.44,Mountrail,Mountrail County,38061
WXN89,162.475,Novice,TX,TX,32.033611,-99.420556,Coleman,Coleman County,48083
WXN91,162.425,Lake Rathbun,IA,IA,40.81925,-92.904,Appanoose,Appanoose County,19007
WXN92,162.525,Harrison,AR,AR,36.1692,-93.2497,Boone,Boone County,05009
WXN99,162.425,West Olive,MI,MI,42.941389,-86.084167,Ottawa,Ottawa County,26139
WZ2500,162.450,Wythe County,NC,VA,36.9075,-81.06805,Wythe,Wythe County,51197
WZ2502,162.425,Bennett Road,WA,WA,46.535278,-121.768861,Lewis,Lewis County,53041
WZ2503,162.525,Guadalupe Peak,TX,TX,31.890043,-104.811221,Culberson,Culberson County,48109
WZ2504,162.475,Sonoma County,CA,CA,38.348333,-122.578056,Sonoma,Sonoma County,06097
WZ2505,162.425,Sandberg,CA,CA,34.743611,-118.724917,Los Angeles,Los Angeles County,06037
WZ2506,162.500,Cypress Inn (AG),AL,TN,35.2736,-87.9322,Wayne,Wayne County,47181
WZ2507,162.500,Dickens County,TX,TX,33.654139,-100.846194,Dickens,Dickens County,48125
WZ2509,162.525,Winchester Hill,OR,OR,43.656875,-124.187375,Douglas,Douglas County,41019
WZ2511,162.400,Sharon,KS,KS,37.37059,-98.40278,Barber,Barber County,20007
WZ2512,162.525,Mound City,KS,KS,38.302944,-94.959806,Linn,Linn County,20107
WZ2513,162.500,Copper Harbor,MI,MI,47.4675,-87.8722,Keweenaw,Keweenaw County,26083
WZ2514,162.475,Alger County,MI,MI,46.420833,-86.675,Alger,Alger County,26003
WZ2515,162.425,Grand Marais,MI,MI,46.5475,-86.0364,Alger,Alger County,26003
WZ2516,162.425,Jack's Peak,NM,NM,32.581944,-108.425306,Grant,Grant County,35017
WZ2518,162.450,Eagle,CO,CO,39.775,-106.846389,Eagle,Eagle County,08037
WZ2519,162.400,Brock Mtn,NV,NV,38.051944,-117.225556,Nye,Nye County,32023
WZ2520,162.450,Bald Mtn,ID,ID,43.661389,-114.403056,Blaine,Blaine County,16013
WZ2521,162.425,Battle Mtn.,NV,NV,40.4036,-116.8681,Lander,Lander County,32015
WZ2522,162.475,Carney Butte,OR,OR,45.281186,-118.94966,Umatilla,Umatilla County,41059
WZ2523,162.500,Frankfort,KY,KY,38.207276,-84.836243,Franklin,Franklin County,21073
WZ2524,162.425,Bishop,CA,CA,37.3708,-118.3672,Inyo,Inyo County,06027
WZ2527,162.425,Fredericksburg,MD,VA,38.311389,-77.483611,Fredericksburg,Fredericksburg city,51630
WZ2528,162.500,Wibaux,MT,MT,46.9919,-104.2683,Wibaux,Wibaux County,30109
WZ2529,162.550,Mt. Olotele,AS,AS,-14.317067,-170.76402,Western,Western District,60050
WZ2530,162.500,Shaffer Mtn,CA,CA,40.446389,-120.358056,Lassen,Lassen County,06035
WZ2531,162.500,Hialeah,FL,FL,25.8397,-80.2925,Miami-Dade,Miami-Dade County,12086
WZ2533,162.475,Carter County,MT,MT,45.512222,-104.48,Carter,Carter County,30011
WZ2535,162.500,Norton Knob,ID,ID,46.5086,-116.2167,Clearwater,Clearwater County,16035
WZ2536,162.475,Lyons,NY,NY,43.0658,-77.0361,Wayne,Wayne County,36117
WZ2540,162.500,Kamuela,HI,HI,20.125361,-155.7778,Hawaii,Hawaii County,15001
WZ2541,162.475,Pharr,TX,TX,26.1861,-98.1886,Hidalgo,Hidalgo County,48215
WZ2542,162.450,Santa Maria,TX,TX,26.0814,-97.8283,Cameron,Cameron County,48061
WZ2543,162.425,Steeleburg,VA,VA,37.0683,-81.7706,Tazewell,Tazewell County,51185
WZ2544,162.500,Granby,CO,CO,40.060274,-105.990851,Grand,Grand County,08049
WZ2545,162.550,Joplin,MO,MO,37.085,-94.5133,Jasper,Jasper County,29097
WZ2546,162.525,Magee,MS,MS,31.8742,-89.7319,Simpson,Simpson County,28127
WZ2547,162.450,Metcalfe Co.,KY,KY,37.0103,-85.6036,Metcalfe,Metcalfe County,21169
WZ2548,162.550,Eldon,MO,MO,38.2794,-92.5853,Miller,Miller County,29131
WZ2550,162.450,Willow Creek,CA,CA,40.8739,-123.73351,Humboldt,Humboldt County,06023
WZ2555,162.525,Duffield Peninsula,AK,AK,57.5228,-135.4617,Sitka,Sitka City and Borough,02220
WZ2556,162.525,Kodiak Island,AK,AK,57.3728,-154.6264,Kodiak Island,Kodiak Island Borough,02150
WZ2557,162.450,Lihue,HI,HI,21.987257,-159.338519,Kauai,Kauai County,15007
WZ2559,162.425,Enterprise,OR,OR,45.42636,-117.29603,Wallowa,Wallowa County,41063
WZ2560,162.550,Cannonsburg,MI,MI,43.0138,-85.4778,Kent,Kent County,26081
WZ2561,162.450,Charlotte Amalie,VI,VI,18.3283,-64.8592,St. Thomas,St. Thomas Island,78030
WZ2572,162.475,Fort Bend County,TX,TX,29.5817,-95.7606,Fort Bend,Fort Bend County,48157
